Year,Month,Region,Model,Estimated_Deliveries,Production_Units,Avg_Price_USD,Battery_Capacity_kWh,Range_km,CO2_Saved_tons,Source_Type,Charging_Stations,Region_Code,Model_Code,Source_Type_Code
2023,5,Europe,Model S,17646.0,17922.0,92874.27,120,704,1609.9825,Interpolated (Month),12207,1,2,1
2015,2,Asia,Model X,3797.0,4164.0,62205.65,75,438,249.46,Official (Quarter),7640,0,3,2
2019,1,North America,Model X,8411.0,9189.0,117887.32,82,480,605.59,Interpolated (Month),14071,3,3,1
2021,2,North America,Model 3,6555.0,7311.0,89294.91,120,712,700.07,Official (Quarter),9333,3,1,2
2016,12,Middle East,Model Y,12374.0,13537.0,114846.78,120,661,1226.88,Estimated (Region),8722,2,4,0
2020,4,Asia,Model X,4656.0,5043.0,86930.57,82,477,333.14,Official (Quarter),5798,0,3,2
2015,11,Asia,Model 3,7717.0,7976.0,87588.21,82,475,549.84,Interpolated (Month),9961,0,1,1
2020,6,Europe,Cybertruck,8410.0,9192.0,73815.61,100,592,746.81,Official (Quarter),8216,1,0,2
2022,4,Europe,Model S,15145.0,15760.0,69993.86,100,563,1279.0,Interpolated (Month),13264,1,2,1
2021,3,Middle East,Model Y,7790.0,8208.0,50591.6,82,485,566.72,Interpolated (Month),3383,2,4,1
2020,11,Asia,Model 3,8319.0,9154.0,117946.76,120,670,836.06,Estimated (Region),10165,0,1,0
2025,5,Asia,Cybertruck,5937.0,6483.0,78837.18,82,477,424.79,Interpolated (Month),14940,0,0,1
2020,10,Middle East,Model S,8724.0,9355.0,99200.65,82,453,592.8,Estimated (Region),5325,2,2,0
2020,11,Asia,Model S,10737.0,11658.0,78316.37,75,426,686.09,Interpolated (Month),5601,0,2,1
2020,4,North America,Cybertruck,4408.0,5007.0,91115.89,120,665,439.7,Estimated (Region),8397,3,0,0
2025,3,North America,Cybertruck,17079.0,18904.0,111739.13,120,682,1609.9825,Official (Quarter),3904,3,0,2
2023,11,Europe,Model S,12540.0,13453.0,56018.16,100,592,1113.55,Interpolated (Month),11616,1,2,1
2020,7,Europe,Model S,16546.0,17888.0,97411.05,100,585,1451.91,Official (Quarter),14471,1,2,2
2017,1,Europe,Model S,6472.0,6810.0,57769.87,100,590,572.77,Estimated (Region),14372,1,2,0
2021,1,Asia,Model 3,7808.0,8183.0,102109.35,60,359,420.46,Interpolated (Month),8256,0,1,1
2019,5,Middle East,Model 3,13977.0,14319.0,57301.92,75,417,874.26,Official (Quarter),13525,2,1,2
2016,9,Asia,Model S,13993.0,14982.0,118537.35,60,349,732.53,Interpolated (Month),4515,0,2,1
2020,1,Asia,Model Y,11592.0,12383.0,90750.14,100,567,985.9,Official (Quarter),4971,0,4,2
2025,9,North America,Model S,17854.0,18489.0,80631.84,60,355,950.73,Interpolated (Month),5009,3,2,1
2022,4,North America,Model S,10056.0,11163.0,78773.3,120,681,1027.22,Estimated (Region),7885,3,2,0
2025,3,Middle East,Cybertruck,5209.0,5621.0,65114.79,100,594,464.12,Estimated (Region),4024,2,0,0
2016,12,North America,Cybertruck,5224.0,5657.0,87919.34,100,588,460.76,Estimated (Region),13003,3,0,0
2022,5,Europe,Model 3,12541.0,13898.0,56168.86,120,710,1335.62,Official (Quarter),11787,1,1,2
2017,6,North America,Model X,6312.0,6933.0,117797.61,75,435,411.86,Interpolated (Month),3923,3,3,1
2023,11,North America,Model S,12717.0,12755.0,96953.2,60,344,656.2,Estimated (Region),7161,3,2,0
2016,10,Asia,Model S,16449.0,17908.0,99184.36,82,460,1134.98,Official (Quarter),9148,0,2,2
2024,1,Middle East,Model X,15387.0,16070.0,88150.59,100,561,1294.82,Official (Quarter),8327,2,3,2
2020,9,Middle East,Model S,9326.0,10117.0,100029.16,100,596,833.74,Official (Quarter),13947,2,2,2
2023,5,Middle East,Cybertruck,11531.0,12204.0,85790.7,60,357,617.49,Estimated (Region),13491,2,0,0
2024,1,North America,Model 3,3819.0,4249.0,91284.57,82,482,276.11,Official (Quarter),8146,3,1,2
2015,3,Middle East,Model 3,1899.0,2125.0,68958.26,60,343,97.7,Estimated (Region),3941,2,1,0
2023,3,Europe,Model S,17330.0,18767.0,67727.18,82,490,1273.75,Estimated (Region),3343,1,2,0
2019,8,Asia,Model Y,15165.0,16539.0,94101.31,60,342,777.96,Interpolated (Month),4731,0,4,1
2017,12,Europe,Model S,13031.0,13160.0,51340.88,60,354,691.95,Official (Quarter),9296,1,2,2
2023,6,Europe,Model S,13583.0,14019.0,55191.14,100,594,1210.25,Estimated (Region),13172,1,2,0
2022,7,Europe,Model S,11182.0,11651.0,57416.91,60,333,558.54,Estimated (Region),6494,1,2,0
2019,4,Asia,Model X,11163.0,12314.0,69143.22,82,481,805.41,Estimated (Region),3619,0,3,0
2023,1,North America,Model S,9835.0,9882.0,92861.79,82,480,708.12,Interpolated (Month),8000,3,2,1
2017,8,Asia,Model X,7581.0,8402.0,95971.06,100,585,665.23,Official (Quarter),3100,0,3,2
2025,1,North America,Model X,6076.0,6746.0,50549.14,120,692,630.69,Official (Quarter),12525,3,3,2
2018,12,North America,Cybertruck,8427.0,9430.0,115869.46,82,476,601.69,Estimated (Region),11899,3,0,0
2024,5,North America,Cybertruck,14312.0,14795.0,83375.67,60,333,714.88,Estimated (Region),7740,3,0,0
2021,2,Middle East,Model 3,14163.0,14499.0,98168.24,100,556,1181.19,Interpolated (Month),8104,2,1,1
2025,9,North America,Model 3,11340.0,11791.0,81180.36,60,351,597.05,Estimated (Region),7510,3,1,0
2025,11,Europe,Cybertruck,9171.0,10536.0,97489.87,100,586,806.13,Interpolated (Month),5555,1,0,1
2024,9,Asia,Model X,8409.0,8777.0,103557.81,100,588,741.67,Official (Quarter),6509,0,3,2
2016,9,Europe,Model X,14559.0,15638.0,107977.45,60,340,742.51,Official (Quarter),5085,1,3,2
2024,2,Asia,Cybertruck,17392.0,19926.0,55857.67,75,446,1163.52,Interpolated (Month),4513,0,0,1
2015,3,North America,Cybertruck,5716.0,6522.0,116775.0,60,357,306.09,Interpolated (Month),7441,3,0,1
2015,4,Asia,Model Y,7633.0,8492.0,102818.0,82,455,520.95,Estimated (Region),13830,0,4,0
2018,7,North America,Model S,7131.0,8189.0,97902.0,82,489,523.06,Official (Quarter),4710,3,2,2
2025,3,Asia,Model X,11956.0,13742.0,58158.12,120,710,1273.31,Estimated (Region),8997,0,3,0
2017,4,Asia,Cybertruck,5651.0,5846.0,50103.17,75,439,372.12,Interpolated (Month),14602,0,0,1
2018,8,North America,Model X,1240.0,1336.0,112760.23,82,459,85.37,Official (Quarter),3270,3,3,2
2025,5,North America,Model X,11008.0,11674.0,110366.63,75,419,691.85,Estimated (Region),9530,3,3,0
2022,12,Europe,Cybertruck,8171.0,9073.0,60650.35,82,488,598.12,Official (Quarter),13713,1,0,2
2018,2,Middle East,Cybertruck,15273.0,15975.0,52818.06,100,579,1326.46,Estimated (Region),7772,2,0,0
2021,5,Asia,Model S,9541.0,9929.0,109857.66,100,567,811.46,Official (Quarter),14676,0,2,2
2018,5,Asia,Model S,5894.0,6491.0,77715.61,120,705,623.29,Estimated (Region),8450,0,2,0
2015,7,North America,Cybertruck,4405.0,4472.0,60700.14,60,337,222.67,Official (Quarter),4928,3,0,2
2021,8,North America,Model S,7933.0,8430.0,85597.72,82,470,559.28,Official (Quarter),6248,3,2,2
2024,8,Europe,Model 3,11880.0,13074.0,62262.24,75,430,766.26,Estimated (Region),10781,1,1,0
2020,3,North America,Model X,11918.0,13671.0,60898.48,60,336,600.67,Interpolated (Month),5541,3,3,1
2019,1,North America,Model 3,13075.0,13668.0,87272.96,120,693,1359.15,Estimated (Region),10206,3,1,0
2015,4,Asia,Model S,13598.0,15097.0,106243.67,100,564,1150.39,Official (Quarter),5129,0,2,2
2019,4,Middle East,Model X,13892.0,15134.0,101770.68,100,560,1166.93,Interpolated (Month),13099,2,3,1
2017,8,North America,Model S,11311.0,12214.0,58077.62,60,348,590.43,Estimated (Region),4406,3,2,0
2018,8,Asia,Cybertruck,6880.0,7303.0,64678.32,120,718,740.98,Interpolated (Month),10747,0,0,1
2024,12,Asia,Model S,10239.0,11592.0,94708.94,120,683,1048.99,Estimated (Region),8109,0,2,0
2022,10,Middle East,Model 3,8455.0,9204.0,85264.14,60,349,442.62,Estimated (Region),14674,2,1,0
2020,9,Europe,Model 3,6496.0,6966.0,112078.21,75,426,415.09,Interpolated (Month),11996,1,1,1
2017,1,North America,Model S,6113.0,6850.0,69513.19,60,336,308.1,Estimated (Region),14489,3,2,0
2021,10,Middle East,Model X,11128.0,11881.0,78561.41,60,350,584.22,Official (Quarter),5998,2,3,2
2016,1,Asia,Cybertruck,8067.0,8485.0,75972.71,75,449,543.31,Interpolated (Month),3481,0,0,1
2016,10,North America,Model S,6258.0,7036.0,69706.48,60,356,334.18,Official (Quarter),4350,3,2,2
2023,12,Asia,Model S,5649.0,6211.0,64983.67,120,685,580.43,Estimated (Region),5372,0,2,0
2015,12,Asia,Model Y,5719.0,6486.0,66096.82,82,459,393.75,Official (Quarter),3373,0,4,2
2016,10,North America,Model X,9922.0,10370.0,91885.02,120,677,1007.58,Official (Quarter),6599,3,3,2
2021,2,Asia,Cybertruck,7648.0,8340.0,61475.22,60,352,403.81,Interpolated (Month),6614,0,0,1
2022,9,Middle East,Model Y,6952.0,7464.0,103792.75,82,460,479.69,Estimated (Region),6233,2,4,0
2024,7,Europe,Model 3,1492.0,1661.0,88072.56,75,445,99.59,Interpolated (Month),9522,1,1,1
2020,10,Middle East,Cybertruck,18392.0,19806.0,68744.2,120,687,1609.9825,Interpolated (Month),8649,2,0,1
2017,5,Europe,Model X,8451.0,9514.0,50799.26,82,479,607.2,Interpolated (Month),14643,1,3,1
2020,9,North America,Model 3,11467.0,13072.0,100397.17,120,705,1212.64,Official (Quarter),5628,3,1,2
2019,8,North America,Model S,11480.0,11915.0,54709.92,82,461,793.84,Interpolated (Month),13946,3,2,1
2019,9,Europe,Model S,9082.0,9942.0,88005.83,100,556,757.44,Estimated (Region),7509,1,2,0
2023,1,Europe,Model Y,14836.0,16172.0,97728.31,75,449,999.2,Interpolated (Month),5788,1,4,1
2024,3,North America,Model X,8283.0,8391.0,70066.15,75,441,547.92,Interpolated (Month),4819,3,3,1
2015,12,North America,Model 3,10586.0,11907.0,85522.74,120,660,1048.01,Interpolated (Month),6444,3,1,1
2020,8,Europe,Cybertruck,10062.0,10568.0,103557.46,82,468,706.35,Estimated (Region),8810,1,0,0
2021,11,Middle East,Model S,11748.0,13383.0,107986.47,120,679,1196.53,Official (Quarter),5847,2,2,2
2023,1,Middle East,Model X,6197.0,6673.0,66969.32,82,458,425.73,Official (Quarter),3778,2,3,2
2023,11,North America,Model X,5365.0,6034.0,71688.78,60,358,288.1,Interpolated (Month),5155,3,3,1
2025,8,Asia,Model S,11848.0,12443.0,104498.21,120,711,1263.59,Estimated (Region),8227,0,2,0
2022,6,North America,Model Y,10312.0,11133.0,106390.66,82,483,747.1,Estimated (Region),9976,3,4,0
2016,3,Middle East,Model Y,5249.0,5829.0,110395.8,120,673,529.89,Estimated (Region),4148,2,4,0
2025,12,Europe,Model 3,16501.0,18884.0,108207.45,100,573,1418.26,Interpolated (Month),11849,1,1,1
2019,3,Middle East,Model Y,13191.0,14990.0,50432.87,120,708,1400.88,Official (Quarter),14380,2,4,2
2021,3,Europe,Model 3,6907.0,6946.0,58613.65,100,599,620.59,Official (Quarter),6782,1,1,2
2021,4,Europe,Model 3,11164.0,11825.0,84455.13,120,712,1192.32,Official (Quarter),7954,1,1,2
2020,2,Europe,Model Y,13825.0,15834.0,83894.92,120,663,1374.9,Official (Quarter),9620,1,4,2
2020,5,Asia,Model S,5784.0,6156.0,70108.04,100,586,508.41,Estimated (Region),8440,0,2,0
2019,6,North America,Model 3,12341.0,12850.0,94737.55,120,680,1258.78,Official (Quarter),14972,3,1,2
2021,10,Europe,Model Y,12459.0,12777.0,112819.33,75,437,816.69,Official (Quarter),13582,1,4,2
2016,10,Asia,Model Y,12205.0,12670.0,75329.72,75,430,787.22,Official (Quarter),3547,0,4,2
2020,3,Asia,Model Y,10062.0,11450.0,68947.85,82,466,703.33,Official (Quarter),9827,0,4,2
2020,2,North America,Model 3,11404.0,11966.0,72021.13,100,575,983.59,Interpolated (Month),14288,3,1,1
2025,6,Asia,Model 3,9808.0,10413.0,100126.43,120,666,979.82,Estimated (Region),6245,0,1,0
2019,9,Middle East,Model X,8123.0,8610.0,116300.71,100,570,694.52,Interpolated (Month),12262,2,3,1
2016,12,North America,Model S,9646.0,9877.0,51634.65,120,705,1020.06,Interpolated (Month),8502,3,2,1
2025,10,Asia,Model X,5013.0,5164.0,54937.4,75,441,331.61,Official (Quarter),5996,0,3,2
2021,8,Asia,Model 3,10980.0,11716.0,105290.52,75,435,716.44,Official (Quarter),4357,0,1,2
2022,11,Middle East,Model Y,20337.625,21930.125,57673.97,60,352,1124.43,Estimated (Region),4630,2,4,0
2018,5,Middle East,Cybertruck,7086.0,8012.0,90388.71,120,680,722.77,Official (Quarter),12636,2,0,2
2016,4,Middle East,Model Y,12146.0,12776.0,118292.71,120,698,1271.69,Official (Quarter),12869,2,4,2
2019,2,Middle East,Cybertruck,17194.0,18978.0,96293.99,75,413,1065.17,Interpolated (Month),7419,2,0,1
2023,1,North America,Model 3,18636.0,20752.0,65890.09,82,460,1285.88,Official (Quarter),4937,3,1,2
2023,5,North America,Model Y,14130.0,16020.0,52154.82,75,440,932.58,Official (Quarter),12105,3,4,2
2020,2,Europe,Cybertruck,19298.0,21732.0,119779.45,100,571,1609.9825,Interpolated (Month),6843,1,0,1
2019,6,Middle East,Model S,6954.0,7148.0,63176.25,100,559,583.09,Estimated (Region),3684,2,2,0
2021,7,Europe,Model S,1889.0,1946.0,81630.83,120,707,200.33,Estimated (Region),10085,1,2,0
2019,7,Middle East,Cybertruck,13064.0,14557.0,115532.36,100,597,1169.88,Interpolated (Month),5097,2,0,1
2023,12,Middle East,Cybertruck,8570.0,9786.0,60142.91,75,419,538.62,Estimated (Region),13352,2,0,0
2015,3,North America,Model Y,11364.0,12347.0,84476.24,75,419,714.23,Official (Quarter),11669,3,4,2
2020,1,Asia,Model S,16393.0,16411.0,86274.4,75,413,1015.55,Interpolated (Month),9830,0,2,1
2015,9,Asia,Model Y,14196.0,15525.0,78658.82,120,693,1475.67,Estimated (Region),8233,0,4,0
2023,6,Asia,Model S,7800.0,7816.0,104026.38,82,486,568.62,Interpolated (Month),10369,0,2,1
2018,5,Middle East,Model X,10524.0,11157.0,73665.91,120,667,1052.93,Official (Quarter),7700,2,3,2
2020,4,North America,Model 3,7971.0,8106.0,78445.65,82,470,561.96,Estimated (Region),9489,3,1,0
2015,10,Asia,Cybertruck,5675.0,6461.0,117974.08,120,716,609.49,Estimated (Region),8690,0,0,0
2015,9,Middle East,Model S,9613.0,10902.0,105989.87,75,428,617.15,Official (Quarter),3269,2,2,2
2017,9,Middle East,Model S,15315.0,16609.0,93722.98,120,711,1609.9825,Official (Quarter),10043,2,2,2
2021,12,Asia,Cybertruck,10989.0,12120.0,108894.97,120,684,1127.47,Interpolated (Month),12214,0,0,1
2024,11,Europe,Model X,6741.0,7454.0,97614.94,75,423,427.72,Interpolated (Month),6963,1,3,1
2019,3,Asia,Model 3,7660.0,8197.0,92412.78,75,428,491.77,Official (Quarter),3325,0,1,2
2018,7,Middle East,Model X,6750.0,7014.0,98646.72,75,433,438.41,Interpolated (Month),12554,2,3,1
2024,8,Middle East,Model 3,4293.0,4899.0,91215.62,100,565,363.83,Official (Quarter),8396,2,1,2
2022,3,Middle East,Cybertruck,10627.0,11394.0,93214.8,75,427,680.66,Official (Quarter),5380,2,0,2
2018,12,North America,Model 3,10972.0,12196.0,114344.56,100,571,939.75,Estimated (Region),7105,3,1,0
2021,7,Middle East,Model 3,8642.0,8738.0,85727.49,60,359,465.37,Official (Quarter),11318,2,1,2
2023,11,Europe,Model X,11323.0,12413.0,52155.06,120,703,1194.01,Interpolated (Month),13865,1,3,1
2022,11,Europe,Cybertruck,8918.0,9081.0,64841.95,60,330,441.44,Interpolated (Month),8207,1,0,1
2025,10,Asia,Model S,13514.0,14567.0,97725.78,60,343,695.3,Estimated (Region),5900,0,2,0
2016,7,Europe,Model X,14833.0,15941.0,55394.08,82,453,1007.9,Interpolated (Month),7010,1,3,1
2018,2,Europe,Model Y,2728.0,2744.0,69039.9,60,330,135.04,Interpolated (Month),14740,1,4,1
2017,12,Europe,Model X,12980.0,14796.0,68584.75,82,476,926.77,Official (Quarter),11141,1,3,2
2019,4,Middle East,Model 3,14637.0,15970.0,56200.48,120,700,1536.88,Estimated (Region),3769,2,1,0
2017,1,Middle East,Model S,2923.0,3251.0,72231.08,120,660,289.38,Estimated (Region),9133,2,2,0
2020,12,Europe,Cybertruck,2506.0,2586.0,96812.73,82,473,177.8,Estimated (Region),12994,1,0,0
2016,8,Asia,Model Y,6803.0,7012.0,111448.11,75,445,454.1,Estimated (Region),13446,0,4,0
2020,7,Middle East,Model Y,9358.0,9414.0,118902.54,120,683,958.73,Interpolated (Month),4826,2,4,1
2015,9,Asia,Model S,12372.0,12396.0,55985.6,100,560,1039.25,Interpolated (Month),3318,0,2,1
2016,9,North America,Model X,10096.0,11560.0,79243.27,100,599,907.13,Official (Quarter),11015,3,3,2
2018,8,Middle East,Cybertruck,13056.0,14836.0,75916.25,82,481,941.99,Interpolated (Month),13763,2,0,1
2021,10,Asia,Model X,7975.0,8297.0,103789.47,82,487,582.57,Estimated (Region),5658,0,3,0
2021,10,North America,Model S,14764.0,15765.0,79707.23,100,557,1233.53,Interpolated (Month),8116,3,2,1
2015,10,Europe,Model Y,12831.0,14369.0,98628.75,60,338,650.53,Official (Quarter),10082,1,4,2
2025,2,Middle East,Model X,8905.0,9306.0,95963.54,100,595,794.77,Official (Quarter),7807,2,3,2
2015,10,Middle East,Model 3,10384.0,10742.0,58439.68,120,664,1034.25,Official (Quarter),11355,2,1,2
2020,8,North America,Cybertruck,5817.0,6517.0,67287.58,60,356,310.63,Interpolated (Month),13929,3,0,1
2018,11,Asia,Model 3,7160.0,7549.0,107679.84,60,336,360.86,Official (Quarter),8628,0,1,2
2021,9,Asia,Model Y,9140.0,10036.0,116935.48,100,550,754.05,Interpolated (Month),5975,0,4,1
2025,1,Europe,Model Y,13291.0,14566.0,62104.57,100,584,1164.29,Official (Quarter),8126,1,4,2
2025,3,Middle East,Model 3,15264.0,16486.0,73693.64,120,699,1600.43,Interpolated (Month),11612,2,1,1
2016,5,North America,Model 3,12231.0,12905.0,54772.06,100,551,1010.89,Estimated (Region),4621,3,1,0
2015,12,Middle East,Cybertruck,17203.0,17897.0,105829.14,100,565,1457.95,Interpolated (Month),8462,2,0,1
2021,3,Europe,Model X,6517.0,6629.0,57489.39,75,439,429.14,Official (Quarter),13254,1,3,2
2016,12,North America,Model 3,8519.0,8888.0,113005.82,60,333,425.52,Interpolated (Month),14471,3,1,1
2022,5,Middle East,Cybertruck,17889.0,19907.0,110473.23,75,436,1169.94,Estimated (Region),13275,2,0,0
2017,5,Asia,Model X,14239.0,14773.0,93741.19,60,347,741.14,Official (Quarter),12993,0,3,2
2019,8,Asia,Cybertruck,8619.0,8892.0,101522.48,75,424,548.17,Official (Quarter),9072,0,0,2
2022,12,Europe,Model X,13132.0,14123.0,50985.58,100,550,1083.39,Estimated (Region),5881,1,3,0
2024,8,Asia,Model S,15865.0,17167.0,66182.31,60,340,809.11,Estimated (Region),10368,0,2,0
2023,11,Asia,Cybertruck,8624.0,9706.0,67412.03,60,342,442.41,Official (Quarter),11015,0,0,2
2022,3,Middle East,Model S,18486.0,21086.0,110350.71,100,594,1609.9825,Estimated (Region),8614,2,2,0
2023,8,Europe,Model X,11623.0,11690.0,102745.27,60,345,601.49,Interpolated (Month),7423,1,3,1
2018,3,Europe,Model S,8500.0,9229.0,106380.26,75,441,562.27,Interpolated (Month),4846,1,2,1
2020,5,Europe,Model S,10841.0,12455.0,78552.6,60,338,549.64,Estimated (Region),9694,1,2,0
2021,3,Asia,Model 3,7552.0,8187.0,56653.96,75,420,475.78,Official (Quarter),7961,0,1,2
2017,11,North America,Model S,9677.0,10121.0,107566.68,75,414,600.94,Interpolated (Month),8023,3,2,1
2019,7,Europe,Model Y,6164.0,6686.0,67662.59,60,357,330.08,Estimated (Region),6188,1,4,0
2015,9,Europe,Model Y,5111.0,5187.0,67022.05,75,439,336.56,Interpolated (Month),13268,1,4,1
2019,10,Europe,Cybertruck,5655.0,6381.0,56946.64,60,332,281.62,Interpolated (Month),6152,1,0,1
2023,12,Asia,Cybertruck,11905.0,12981.0,90535.08,100,561,1001.81,Official (Quarter),3560,0,0,2
2022,2,Middle East,Model X,8449.0,9164.0,58017.3,120,719,911.22,Estimated (Region),8106,2,3,0
2020,4,Europe,Cybertruck,4068.0,4417.0,80929.76,75,425,259.33,Interpolated (Month),11957,1,0,1
2018,6,Asia,Model 3,15384.0,15892.0,93795.56,60,347,800.74,Official (Quarter),5218,0,1,2
2019,5,Europe,Model X,13602.0,14061.0,96362.25,75,435,887.53,Interpolated (Month),13981,1,3,1
2018,5,North America,Model X,17044.0,18626.0,63064.8,120,661,1609.9825,Estimated (Region),6414,3,3,0
2024,10,Europe,Cybertruck,11346.0,11431.0,77762.62,60,341,580.35,Official (Quarter),6417,1,0,2
2025,2,Europe,Model Y,1589.0,1658.0,62204.97,100,589,140.39,Official (Quarter),14464,1,4,2
2019,2,Asia,Model S,9546.0,10021.0,99056.59,60,352,504.03,Estimated (Region),14152,0,2,0
2023,11,North America,Cybertruck,11986.0,12577.0,87376.96,60,331,595.1,Estimated (Region),5504,3,0,0
2016,12,North America,Model Y,8664.0,9913.0,77263.73,120,683,887.63,Interpolated (Month),7084,3,4,1
2023,2,Asia,Cybertruck,14614.0,16080.0,115963.41,60,354,776.0,Estimated (Region),3503,0,0,0
2021,4,Asia,Model X,8454.0,8914.0,94870.42,82,487,617.56,Interpolated (Month),4967,0,3,1
2018,12,North America,Model X,9743.0,10457.0,74615.49,100,595,869.56,Estimated (Region),9827,3,3,0
2016,10,Middle East,Cybertruck,6815.0,7829.0,59204.24,60,338,345.52,Estimated (Region),7734,2,0,0
2019,6,Asia,Model 3,8068.0,8161.0,96953.55,75,443,536.12,Estimated (Region),5935,0,1,0
2019,1,Europe,Cybertruck,8718.0,9352.0,55978.21,75,448,585.85,Estimated (Region),9216,1,0,0
2024,6,Europe,Model Y,3651.0,4028.0,89589.5,120,664,363.64,Official (Quarter),4951,1,4,2
2022,10,Europe,Model 3,20337.625,21930.125,95174.19,60,342,1069.14,Official (Quarter),14164,1,1,2
2015,5,Asia,Model Y,7896.0,8722.0,87526.75,100,565,669.19,Interpolated (Month),12765,0,4,1
2024,10,Europe,Model Y,5697.0,6406.0,74881.46,100,564,481.97,Official (Quarter),13090,1,4,2
2018,8,North America,Model 3,9870.0,10128.0,83015.46,100,554,820.2,Interpolated (Month),10508,3,1,1
2021,5,North America,Cybertruck,2210.0,2460.0,68015.58,100,584,193.6,Interpolated (Month),3476,3,0,1
2021,10,North America,Cybertruck,14193.0,15440.0,97193.45,75,442,941.0,Estimated (Region),10909,3,0,0
2020,12,North America,Model 3,15569.0,16988.0,78329.41,100,561,1310.13,Estimated (Region),6085,3,1,0
2015,7,Asia,Cybertruck,113.0,118.0,115067.04,120,709,12.02,Interpolated (Month),14580,0,0,1
2018,8,Europe,Model 3,18499.0,19682.0,93079.45,82,454,1259.78,Estimated (Region),4053,1,1,0
2021,1,North America,Cybertruck,6006.0,6007.0,58411.15,75,432,389.19,Interpolated (Month),11101,3,0,1
2019,7,Middle East,Model Y,9124.0,9987.0,80109.99,120,686,938.86,Interpolated (Month),6724,2,4,1
2022,3,Europe,Model Y,14670.0,15394.0,59676.25,82,467,1027.63,Interpolated (Month),14758,1,4,1
2025,8,Europe,Model S,1129.0,1160.0,108825.31,60,333,56.39,Estimated (Region),5579,1,2,0
2022,8,Asia,Model X,11585.0,12840.0,63331.99,120,686,1192.1,Estimated (Region),3858,0,3,0
2020,4,Middle East,Model Y,10318.0,11341.0,113229.15,82,455,704.2,Official (Quarter),5784,2,4,2
2025,4,Middle East,Model Y,10058.0,11457.0,78513.44,75,449,677.41,Estimated (Region),9950,2,4,0
2021,4,North America,Model 3,16328.0,17674.0,112147.23,120,666,1609.9825,Official (Quarter),12871,3,1,2
2023,3,Europe,Model Y,11869.0,12314.0,79193.41,120,681,1212.42,Official (Quarter),13305,1,4,2
2022,2,Asia,Model Y,13461.0,14069.0,90476.09,60,344,694.59,Official (Quarter),9954,0,4,2
2021,9,Middle East,Model 3,10064.0,10320.0,72127.34,75,428,646.11,Official (Quarter),6711,2,1,2
2024,6,North America,Model 3,5897.0,6006.0,84944.81,100,566,500.66,Estimated (Region),6549,3,1,0
2021,11,North America,Cybertruck,6204.0,6702.0,81440.37,100,572,532.3,Official (Quarter),4093,3,0,2
2015,9,Middle East,Model Y,10783.0,11226.0,88792.46,82,477,771.52,Estimated (Region),12956,2,4,0
2022,7,Middle East,Model X,8386.0,8428.0,91520.92,75,419,527.06,Official (Quarter),7151,2,3,2
2016,11,Middle East,Model X,15582.0,17164.0,92404.55,120,681,1591.7,Estimated (Region),5614,2,3,0
2016,6,Asia,Cybertruck,7885.0,8483.0,108849.21,82,481,568.9,Estimated (Region),9506,0,0,0
2017,5,North America,Cybertruck,7766.0,8156.0,118496.78,60,355,413.54,Estimated (Region),11414,3,0,0
2021,8,Asia,Model X,9136.0,9679.0,102048.1,82,474,649.57,Estimated (Region),7657,0,3,0
2022,12,North America,Model X,10666.0,11185.0,70537.28,120,662,1059.13,Official (Quarter),12789,3,3,2
2021,6,North America,Cybertruck,3639.0,4038.0,66952.84,75,418,228.17,Estimated (Region),9358,3,0,0
2019,3,North America,Model S,9776.0,10512.0,113695.11,82,480,703.87,Interpolated (Month),9984,3,2,1
2022,7,North America,Model Y,16921.0,18220.0,75209.95,75,429,1088.87,Estimated (Region),11278,3,4,0
2021,7,Europe,Cybertruck,5159.0,5872.0,118495.42,100,550,425.62,Interpolated (Month),10472,1,0,1
2019,6,Middle East,Model Y,14754.0,16395.0,97266.16,82,459,1015.81,Estimated (Region),7229,2,4,0
2016,10,Middle East,Model 3,8763.0,9817.0,90043.41,75,431,566.53,Estimated (Region),6521,2,1,0
2021,7,North America,Model S,5168.0,5266.0,54097.56,82,463,358.92,Estimated (Region),4891,3,2,0
2015,11,Asia,Model S,15682.0,17319.0,60772.71,82,484,1138.51,Interpolated (Month),5693,0,2,1
2024,5,North America,Model Y,13749.0,14635.0,94909.92,100,590,1216.79,Official (Quarter),3067,3,4,2
2024,11,Asia,Model 3,12742.0,14279.0,64495.94,120,680,1299.68,Estimated (Region),4610,0,1,0
2022,1,Asia,Model S,7476.0,7781.0,108224.97,60,359,402.58,Estimated (Region),8926,0,2,0
2016,3,Europe,Cybertruck,9749.0,10459.0,67974.36,82,462,675.61,Interpolated (Month),6687,1,0,1
2023,11,Europe,Model 3,10577.0,12068.0,88815.88,100,580,920.2,Official (Quarter),14723,1,1,2
2018,8,Europe,Cybertruck,8415.0,9592.0,51409.65,75,418,527.62,Official (Quarter),13634,1,0,2
2025,12,North America,Cybertruck,9701.0,10572.0,66908.0,82,471,685.38,Official (Quarter),3889,3,0,2
2017,2,Europe,Model 3,12488.0,13372.0,111610.97,75,420,786.74,Official (Quarter),11133,1,1,2
2022,10,Europe,Cybertruck,11173.0,11362.0,107979.15,82,461,772.61,Estimated (Region),12327,1,0,0
2019,12,Europe,Model S,5122.0,5430.0,74549.69,75,441,338.82,Interpolated (Month),12638,1,2,1
2022,4,Asia,Model S,12876.0,14702.0,81005.6,60,347,670.2,Official (Quarter),8716,0,2,2
2016,3,North America,Model X,6034.0,6249.0,76127.63,60,336,304.11,Estimated (Region),3878,3,3,0
2016,1,Europe,Model 3,10238.0,11326.0,110967.84,75,439,674.17,Estimated (Region),12620,1,1,0
2023,10,North America,Model Y,12266.0,12573.0,100235.19,82,481,884.99,Official (Quarter),4067,3,4,2
2019,6,Asia,Model Y,8909.0,9045.0,113778.44,82,484,646.79,Official (Quarter),12120,0,4,2
2022,7,North America,Model S,8707.0,9829.0,67937.84,82,466,608.62,Estimated (Region),13455,3,2,0
2022,10,Asia,Model S,10216.0,11129.0,82227.03,120,681,1043.56,Official (Quarter),7236,0,2,2
2023,12,North America,Cybertruck,12121.0,13346.0,64312.67,60,357,649.08,Interpolated (Month),6173,3,0,1
2022,4,Europe,Model Y,14226.0,15780.0,50003.7,75,448,955.99,Estimated (Region),12770,1,4,0
2022,10,Middle East,Model Y,10455.0,10975.0,60845.92,100,592,928.4,Estimated (Region),9259,2,4,0
2023,10,Asia,Cybertruck,9742.0,10574.0,111362.37,75,447,653.2,Interpolated (Month),9345,0,0,1
2025,4,Europe,Model 3,12743.0,14549.0,50429.01,82,470,898.38,Interpolated (Month),3295,1,1,1
2017,12,Middle East,Cybertruck,5773.0,6233.0,70156.17,75,430,372.36,Interpolated (Month),6599,2,0,1
2024,6,Middle East,Cybertruck,8995.0,9523.0,91249.02,82,462,623.35,Estimated (Region),5102,2,0,0
2019,7,Asia,Model S,12631.0,13913.0,71111.08,60,335,634.71,Official (Quarter),6644,0,2,2
2019,7,Asia,Model 3,9721.0,9856.0,60070.76,82,455,663.46,Estimated (Region),8075,0,1,0
2015,6,North America,Cybertruck,12581.0,13909.0,64907.49,100,556,1049.26,Estimated (Region),3174,3,0,0
2022,3,Middle East,Model 3,12989.0,13754.0,117323.37,75,428,833.89,Interpolated (Month),10212,2,1,1
2019,1,North America,Cybertruck,15450.0,16585.0,87005.96,120,680,1575.9,Interpolated (Month),9231,3,0,1
2021,7,Europe,Model X,6373.0,7051.0,97413.93,82,452,432.09,Estimated (Region),7940,1,3,0
2016,9,Europe,Model Y,13362.0,13563.0,66791.19,75,417,835.79,Interpolated (Month),7175,1,4,1
2017,6,Middle East,Model 3,9731.0,10800.0,92471.22,82,478,697.71,Official (Quarter),3973,2,1,2
2022,7,Middle East,Model Y,8274.0,8688.0,57515.28,60,334,414.53,Estimated (Region),3401,2,4,0
2015,12,Europe,Model 3,10531.0,11077.0,93464.09,60,331,522.86,Official (Quarter),13458,1,1,2
2015,12,Asia,Model 3,12833.0,14663.0,60574.05,82,468,900.88,Official (Quarter),14323,0,1,2
2021,2,Middle East,Model X,4938.0,5121.0,102386.27,60,337,249.62,Estimated (Region),13580,2,3,0
2016,12,Middle East,Cybertruck,1761.0,1942.0,100589.49,82,479,126.53,Interpolated (Month),4613,2,0,1
2015,6,Asia,Model 3,6240.0,6864.0,62062.39,120,671,628.06,Estimated (Region),3490,0,1,0
2015,3,Asia,Model 3,20337.625,21930.125,73659.66,60,341,1299.72,Official (Quarter),4127,0,1,2
2020,8,Middle East,Cybertruck,9384.0,10068.0,101697.73,100,593,834.71,Interpolated (Month),10515,2,0,1
2023,3,North America,Model X,13516.0,15356.0,66498.1,75,446,904.22,Interpolated (Month),6713,3,3,1
2018,1,Europe,Model X,10309.0,11575.0,118849.7,120,675,1043.79,Official (Quarter),14636,1,3,2
2019,9,Europe,Model X,6790.0,7203.0,114860.98,120,702,714.99,Official (Quarter),8027,1,3,2
2025,4,Europe,Model S,13977.0,14330.0,100949.91,82,458,960.22,Estimated (Region),9137,1,2,0
2025,8,North America,Cybertruck,8051.0,8372.0,74141.16,100,582,702.85,Interpolated (Month),13593,3,0,1
2018,10,Europe,Model X,8207.0,9267.0,110622.5,120,660,812.49,Estimated (Region),12336,1,3,0
2020,3,North America,Cybertruck,14135.0,15310.0,113114.19,75,447,947.75,Interpolated (Month),3109,3,0,1
2018,10,Asia,Model 3,15214.0,15983.0,107926.66,120,660,1506.19,Interpolated (Month),6693,0,1,1
2024,4,Middle East,Cybertruck,11345.0,11782.0,53652.95,100,550,935.96,Interpolated (Month),3265,2,0,1
2016,7,Europe,Model Y,12785.0,14297.0,86208.83,82,469,899.42,Estimated (Region),4769,1,4,0
2024,10,Europe,Model S,9425.0,10352.0,109844.8,82,461,651.74,Interpolated (Month),6926,1,2,1
2016,3,Middle East,Model 3,5024.0,5612.0,69236.42,60,354,266.77,Estimated (Region),8084,2,1,0
2022,5,Asia,Model X,6711.0,7424.0,75749.3,120,693,697.61,Official (Quarter),4199,0,3,2
2015,11,Asia,Model X,7548.0,8554.0,116895.6,82,486,550.25,Interpolated (Month),12714,0,3,1
2022,2,Middle East,Model 3,12532.0,13443.0,71390.35,60,345,648.53,Estimated (Region),7583,2,1,0
2020,8,North America,Model S,14895.0,15487.0,81404.28,100,576,1286.93,Official (Quarter),10963,3,2,2
2023,2,Asia,Model S,7884.0,8529.0,64980.5,82,470,555.82,Official (Quarter),6818,0,2,2
2025,5,Europe,Cybertruck,6127.0,6482.0,113632.87,60,359,329.94,Estimated (Region),5083,1,0,0
2018,5,Europe,Cybertruck,12296.0,13590.0,88952.52,120,681,1256.04,Interpolated (Month),13936,1,0,1
2017,2,Europe,Model X,5444.0,5940.0,70671.1,82,456,372.37,Official (Quarter),10819,1,3,2
2018,5,Europe,Model X,11900.0,12449.0,92954.65,120,713,1272.7,Interpolated (Month),12719,1,3,1
2015,11,Middle East,Model Y,13281.0,14670.0,97609.85,82,476,948.26,Interpolated (Month),12032,2,4,1
2020,3,Middle East,Cybertruck,7976.0,9096.0,71584.65,120,712,851.84,Interpolated (Month),12169,2,0,1
2020,2,Middle East,Model X,12077.0,12821.0,65238.99,75,448,811.57,Interpolated (Month),4567,2,3,1
2020,8,Asia,Model 3,16161.0,17831.0,58897.18,100,567,1374.49,Official (Quarter),10109,0,1,2
2025,12,Middle East,Cybertruck,11972.0,12429.0,106953.95,82,476,854.8,Interpolated (Month),13057,2,0,1
2020,3,Europe,Model X,6591.0,7080.0,56028.13,100,577,570.45,Official (Quarter),9033,1,3,2
2024,12,North America,Cybertruck,10873.0,12142.0,67409.5,120,700,1141.66,Estimated (Region),13826,3,0,0
2016,11,Asia,Model S,15062.0,16535.0,109192.31,60,350,790.75,Official (Quarter),8159,0,2,2
2024,9,Europe,Model 3,14493.0,16180.0,87455.16,100,589,1280.46,Official (Quarter),10149,1,1,2
2018,4,Middle East,Model Y,15674.0,17727.0,119689.82,100,579,1361.29,Estimated (Region),12749,2,4,0
2018,9,North America,Model 3,11480.0,12317.0,57630.95,75,421,724.96,Official (Quarter),6803,3,1,2
2021,7,Asia,Model X,5107.0,5575.0,98722.2,120,680,520.91,Official (Quarter),4295,0,3,2
2020,11,Middle East,Cybertruck,10833.0,11738.0,67921.48,120,699,1135.84,Estimated (Region),4395,2,0,0
2017,1,Europe,Model 3,2425.0,2452.0,85043.7,100,589,214.25,Interpolated (Month),11485,1,1,1
2021,4,Asia,Model Y,1178.0,1245.0,59860.8,120,697,123.16,Estimated (Region),11746,0,4,0
2024,1,Asia,Model Y,7061.0,7806.0,68208.12,82,489,517.92,Estimated (Region),9361,0,4,0
2016,11,North America,Model Y,10587.0,10768.0,76868.72,75,429,681.27,Estimated (Region),7428,3,4,0
2017,6,Middle East,Cybertruck,12970.0,13984.0,54792.11,100,568,1105.04,Official (Quarter),14049,2,0,2
2016,5,North America,Cybertruck,16123.0,16490.0,54294.47,75,441,1066.54,Official (Quarter),8517,3,0,2
2018,6,North America,Model 3,10312.0,10533.0,60601.19,75,428,662.03,Estimated (Region),10148,3,1,0
2017,11,Middle East,Model S,11833.0,13467.0,52804.14,82,462,820.03,Estimated (Region),5490,2,2,0
2020,6,Asia,Model Y,5283.0,6019.0,76849.72,82,471,373.24,Estimated (Region),13754,0,4,0
2019,2,Europe,Model 3,8446.0,8703.0,103834.28,100,571,723.4,Estimated (Region),9784,1,1,0
2024,6,North America,Model Y,11466.0,12672.0,102943.23,60,353,607.12,Estimated (Region),8734,3,4,0
2019,10,Asia,Model 3,11179.0,12250.0,66497.78,75,439,736.14,Interpolated (Month),13484,0,1,1
2024,6,Asia,Model 3,6370.0,7253.0,107838.04,75,425,406.09,Interpolated (Month),6269,0,1,1
2016,1,Middle East,Cybertruck,11583.0,13270.0,62668.39,120,711,1235.33,Estimated (Region),8907,2,0,0
2015,5,Middle East,Model 3,14717.0,16896.0,60529.18,100,579,1278.17,Official (Quarter),7570,2,1,2
2016,1,Asia,Model 3,11696.0,12851.0,84873.7,100,577,1012.29,Interpolated (Month),11630,0,1,1
2023,10,North America,Cybertruck,11110.0,11165.0,56375.91,75,414,689.93,Official (Quarter),7016,3,0,2
2017,3,Europe,Model Y,9278.0,10038.0,80297.12,60,331,460.65,Interpolated (Month),4988,1,4,1
2020,11,Asia,Model X,4025.0,4178.0,107759.44,60,344,207.69,Estimated (Region),9520,0,3,0
2017,9,Asia,Cybertruck,12488.0,13915.0,52725.66,120,710,1329.97,Official (Quarter),10434,0,0,2
2024,9,Middle East,Cybertruck,5699.0,5706.0,117904.02,100,571,488.12,Official (Quarter),14632,2,0,2
2023,3,Europe,Model 3,7479.0,7943.0,66291.12,82,471,528.39,Official (Quarter),13469,1,1,2
2024,12,Asia,Cybertruck,6440.0,7318.0,95446.99,82,454,438.56,Official (Quarter),4624,0,0,2
2023,6,Europe,Cybertruck,14025.0,15507.0,56943.62,120,714,1502.08,Interpolated (Month),5580,1,0,1
2022,10,Europe,Model S,10973.0,11389.0,86218.09,75,413,679.78,Estimated (Region),6174,1,2,0
2019,4,Asia,Cybertruck,1912.0,1967.0,71662.87,82,490,140.53,Interpolated (Month),7933,0,0,1
2021,3,Europe,Model Y,9365.0,9687.0,86116.21,100,562,789.47,Estimated (Region),14286,1,4,0
2025,5,Middle East,Model S,12152.0,13861.0,50299.72,82,487,887.7,Official (Quarter),3797,2,2,2
2024,2,Middle East,Model 3,16451.0,18505.0,58505.78,82,484,1194.34,Interpolated (Month),8775,2,1,1
2017,6,North America,Model 3,6303.0,6678.0,68499.34,60,336,317.67,Interpolated (Month),8796,3,1,1
2021,1,Middle East,Model S,8899.0,9334.0,93632.01,100,552,736.84,Official (Quarter),3286,2,2,2
2017,7,Middle East,Model X,4965.0,5147.0,54041.25,82,467,347.8,Estimated (Region),5810,2,3,0
2018,4,Asia,Cybertruck,6334.0,6575.0,50902.82,100,577,548.21,Interpolated (Month),13213,0,0,1
2016,10,Middle East,Model S,7230.0,7892.0,69647.83,100,560,607.32,Official (Quarter),9198,2,2,2
2022,5,Europe,Cybertruck,12897.0,14591.0,106099.18,75,447,864.74,Estimated (Region),4181,1,0,0
2025,7,North America,Cybertruck,5648.0,6470.0,100906.96,60,340,288.05,Interpolated (Month),4114,3,0,1
2021,8,Asia,Model Y,5288.0,5423.0,65878.6,120,694,550.48,Official (Quarter),8081,0,4,2
2017,9,Asia,Model S,11877.0,11996.0,56644.26,75,449,799.92,Estimated (Region),6919,0,2,0
2019,3,North America,Model 3,11351.0,12709.0,110505.64,60,343,584.01,Interpolated (Month),8701,3,1,1
2023,12,Asia,Model 3,9504.0,10285.0,58123.74,82,451,642.95,Estimated (Region),3613,0,1,0
2016,9,Asia,Cybertruck,12055.0,13630.0,103624.53,100,589,1065.06,Official (Quarter),10979,0,0,2
2017,4,North America,Cybertruck,10057.0,10390.0,52725.1,120,662,998.66,Estimated (Region),5102,3,0,0
2021,4,North America,Model Y,4781.0,5355.0,80907.38,60,344,246.7,Estimated (Region),13185,3,4,0
2018,6,Europe,Cybertruck,9691.0,10853.0,88828.09,60,354,514.59,Official (Quarter),10577,1,0,2
2015,2,Asia,Model S,12347.0,12514.0,108471.17,82,464,859.35,Interpolated (Month),5238,0,2,1
2017,3,Europe,Model X,18358.0,19736.0,97573.42,120,664,1609.9825,Official (Quarter),6296,1,3,2
2022,9,Middle East,Cybertruck,8801.0,9121.0,119417.11,120,671,885.82,Interpolated (Month),9906,2,0,1
2025,2,North America,Cybertruck,12396.0,12952.0,75141.48,82,480,892.51,Official (Quarter),10335,3,0,2
2025,6,North America,Model X,8118.0,8480.0,82937.9,82,454,552.84,Estimated (Region),3551,3,3,0
2021,1,Europe,Model Y,6006.0,6528.0,113282.45,120,679,611.71,Estimated (Region),11043,1,4,0
2016,9,Asia,Model 3,8273.0,9112.0,72757.28,120,701,869.91,Official (Quarter),3835,0,1,2
2022,4,Europe,Model 3,6584.0,6812.0,105856.02,100,578,570.83,Interpolated (Month),3069,1,1,1
2015,4,Europe,Model X,8458.0,9039.0,88193.18,120,716,908.39,Interpolated (Month),7633,1,3,1
2025,4,North America,Model X,8085.0,8158.0,66600.37,100,571,692.48,Official (Quarter),11766,3,3,2
2017,11,Asia,Model Y,12725.0,12726.0,110946.83,60,353,673.79,Official (Quarter),10527,0,4,2
2019,5,Europe,Model Y,11892.0,12905.0,69226.61,82,470,838.39,Interpolated (Month),7005,1,4,1
2023,9,Middle East,Cybertruck,7649.0,8709.0,104272.1,120,694,796.26,Interpolated (Month),11347,2,0,1
2016,8,Europe,Model X,14658.0,16528.0,89285.6,120,691,1519.3,Estimated (Region),4377,1,3,0
2015,12,Middle East,Model X,15316.0,17145.0,83706.56,75,416,955.72,Interpolated (Month),4502,2,3,1
2025,6,Middle East,Cybertruck,14633.0,14680.0,101705.69,100,597,1310.39,Official (Quarter),13347,2,0,2
2025,9,Asia,Model S,7957.0,8516.0,111167.38,60,331,395.07,Official (Quarter),13669,0,2,2
2015,6,Europe,Cybertruck,9777.0,10705.0,66810.19,82,454,665.81,Estimated (Region),4546,1,0,0
2017,7,Middle East,Model Y,14085.0,14963.0,80026.1,120,692,1462.02,Estimated (Region),11357,2,4,0
2022,12,Middle East,Model 3,4224.0,4317.0,95768.1,120,700,443.52,Estimated (Region),12025,2,1,0
2022,2,North America,Model 3,6869.0,7674.0,115156.54,75,421,433.78,Estimated (Region),9923,3,1,0
2015,9,North America,Model Y,7812.0,8720.0,81730.22,100,576,674.96,Estimated (Region),8289,3,4,0
2021,10,Europe,Model X,9106.0,9660.0,97568.63,60,332,453.48,Official (Quarter),10124,1,3,2
2018,11,Middle East,Model X,7086.0,7874.0,88267.41,75,445,472.99,Estimated (Region),9647,2,3,0
2016,1,Asia,Model X,10152.0,10455.0,97615.98,60,332,505.57,Official (Quarter),3367,0,3,2
2024,12,North America,Model S,8547.0,8647.0,79830.61,120,716,917.95,Interpolated (Month),5612,3,2,1
2020,5,Middle East,Cybertruck,9728.0,10431.0,86422.65,120,718,1047.71,Interpolated (Month),14589,2,0,1
2021,5,North America,Model 3,8739.0,9597.0,65989.81,82,462,605.61,Interpolated (Month),6778,3,1,1
2023,8,Europe,Cybertruck,7527.0,8034.0,88063.37,100,555,626.62,Interpolated (Month),14185,1,0,1
2024,5,Middle East,Cybertruck,15342.0,15732.0,50011.04,75,439,1010.27,Interpolated (Month),4333,2,0,1
2020,10,Europe,Model 3,7703.0,8579.0,92420.97,120,694,801.88,Official (Quarter),3642,1,1,2
2024,2,Europe,Cybertruck,7689.0,8468.0,73864.15,75,432,498.25,Estimated (Region),13086,1,0,0
2025,11,North America,Cybertruck,15743.0,16485.0,55926.89,120,687,1609.9825,Interpolated (Month),11977,3,0,1
2016,10,Asia,Model X,10492.0,11662.0,85438.62,75,436,686.18,Interpolated (Month),3851,0,3,1
2018,3,Asia,Model X,13571.0,15334.0,70260.77,120,688,1400.53,Official (Quarter),10432,0,3,2
2020,1,North America,Cybertruck,12259.0,13450.0,52050.96,100,580,1066.53,Official (Quarter),9114,3,0,2
2018,4,North America,Model 3,13029.0,13284.0,92419.79,100,592,1156.98,Interpolated (Month),3539,3,1,1
2019,6,North America,Cybertruck,11949.0,13109.0,58984.49,60,349,625.53,Official (Quarter),14789,3,0,2
2025,6,Asia,Model X,9651.0,10848.0,51726.46,75,437,632.62,Official (Quarter),14189,0,3,2
2023,10,Middle East,Model X,4490.0,4791.0,109589.75,100,588,396.02,Official (Quarter),6457,2,3,2
2023,10,Asia,Model S,9602.0,10279.0,72016.23,60,351,505.55,Official (Quarter),12915,0,2,2
2025,11,Asia,Model 3,8454.0,8870.0,107424.15,60,335,424.81,Estimated (Region),8575,0,1,0
2021,8,Middle East,Cybertruck,9993.0,9998.0,66905.44,100,575,861.9,Interpolated (Month),7559,2,0,1
2016,12,Asia,Model 3,3988.0,4307.0,110897.84,120,667,399.0,Interpolated (Month),12486,0,1,1
2020,12,Asia,Model X,14723.0,15352.0,66744.78,60,353,779.58,Interpolated (Month),3676,0,3,1
2023,5,Asia,Model S,10226.0,11530.0,80384.98,75,447,685.65,Official (Quarter),10083,0,2,2
2023,4,Asia,Model X,8362.0,8893.0,75237.3,120,707,886.79,Official (Quarter),9288,0,3,2
2024,12,North America,Model Y,11479.0,12534.0,87170.22,100,584,1005.56,Interpolated (Month),10648,3,4,1
2018,4,Europe,Model 3,10049.0,10153.0,56291.38,100,580,874.26,Estimated (Region),7091,1,1,0
2022,11,North America,Model Y,7778.0,8204.0,115530.24,82,453,528.52,Official (Quarter),11080,3,4,2
2025,3,North America,Model 3,6581.0,6910.0,64552.18,60,354,349.45,Interpolated (Month),10494,3,1,1
2021,5,Middle East,Model S,15090.0,16520.0,67998.3,100,597,1351.31,Interpolated (Month),5037,2,2,1
2015,6,North America,Model S,8199.0,8753.0,59041.16,120,717,881.8,Estimated (Region),10274,3,2,0
2016,4,Middle East,Model S,12031.0,13690.0,84787.44,100,599,1080.99,Estimated (Region),13217,2,2,0
2017,1,Middle East,Model Y,8095.0,9052.0,112431.05,100,571,693.34,Estimated (Region),13919,2,4,0
2018,6,Middle East,Model 3,16782.0,18992.0,89051.16,75,448,1127.75,Interpolated (Month),3584,2,1,1
2021,1,Europe,Model 3,11739.0,13015.0,112633.34,75,416,732.51,Estimated (Region),14882,1,1,0
2019,7,North America,Model Y,13026.0,14158.0,61655.25,100,585,1143.03,Official (Quarter),5110,3,4,2
2016,2,North America,Model 3,8517.0,8725.0,77375.71,75,448,572.34,Estimated (Region),6097,3,1,0
2021,3,Middle East,Cybertruck,5611.0,6402.0,112445.2,100,576,484.79,Official (Quarter),9523,2,0,2
2024,3,Europe,Cybertruck,8489.0,8936.0,61697.01,82,452,575.55,Official (Quarter),7628,1,0,2
2018,5,North America,Model 3,14549.0,16062.0,99042.8,82,481,1049.71,Official (Quarter),13474,3,1,2
2017,7,North America,Model X,7576.0,8078.0,95452.56,82,489,555.7,Interpolated (Month),3768,3,3,1
2023,10,Middle East,Model Y,14734.0,15978.0,61356.07,100,565,1248.71,Interpolated (Month),13799,2,4,1
2015,9,Middle East,Cybertruck,6086.0,6274.0,50769.71,120,668,609.82,Official (Quarter),13800,2,0,2
2016,5,North America,Model X,10226.0,11707.0,80274.85,120,678,1039.98,Estimated (Region),9073,3,3,0
2020,1,Europe,Model Y,8304.0,8877.0,70039.59,75,421,524.4,Interpolated (Month),10742,1,4,1
2022,12,Middle East,Model X,11779.0,12668.0,112583.82,60,358,632.53,Interpolated (Month),12688,2,3,1
2025,11,Asia,Model Y,8686.0,8798.0,91471.18,120,705,918.54,Estimated (Region),5288,0,4,0
2022,7,North America,Model 3,8531.0,9379.0,73919.83,120,701,897.03,Interpolated (Month),3236,3,1,1
2017,10,North America,Model X,7030.0,7700.0,91951.15,82,458,482.96,Official (Quarter),11461,3,3,2
2018,5,Asia,Model X,11713.0,12376.0,54342.57,60,340,597.36,Estimated (Region),9071,0,3,0
2018,3,Europe,Model X,7221.0,7258.0,77433.74,82,479,518.83,Estimated (Region),5321,1,3,0
2023,6,Asia,Model X,13321.0,14199.0,70849.31,82,469,937.13,Estimated (Region),3854,0,3,0
2022,9,Asia,Cybertruck,9064.0,9252.0,102371.33,100,573,779.05,Official (Quarter),12395,0,0,2
2016,3,Asia,Model 3,15568.0,16533.0,58532.03,60,335,782.29,Estimated (Region),11173,0,1,0
2015,8,North America,Model 3,16705.0,18976.0,93696.66,82,455,1140.12,Estimated (Region),14277,3,1,0
2023,9,North America,Model 3,8845.0,9670.0,96317.25,82,463,614.29,Estimated (Region),6840,3,1,0
2019,9,Middle East,Model S,10972.0,11213.0,61176.64,75,442,727.44,Interpolated (Month),10395,2,2,1
2020,1,Europe,Model X,12267.0,13257.0,85609.42,82,460,846.42,Estimated (Region),11937,1,3,0
2017,9,Middle East,Model X,10095.0,10441.0,91779.63,82,489,740.47,Estimated (Region),14149,2,3,0
2019,8,North America,Model Y,8798.0,9658.0,78363.8,75,434,572.75,Official (Quarter),4289,3,4,2
2025,7,Middle East,Model Y,9589.0,10815.0,67300.15,60,330,474.66,Official (Quarter),10430,2,4,2
2021,12,Europe,Model X,10220.0,10830.0,61910.68,75,422,646.93,Estimated (Region),6158,1,3,0
2017,5,Europe,Model Y,3928.0,4343.0,107198.97,75,432,254.53,Estimated (Region),14604,1,4,0
2017,2,Europe,Cybertruck,14501.0,16437.0,70118.67,60,341,741.73,Interpolated (Month),3697,1,0,1
2023,5,Middle East,Model S,11264.0,12716.0,99013.18,82,473,799.18,Estimated (Region),10314,2,2,0
2023,11,Europe,Cybertruck,15370.0,16023.0,94806.33,100,580,1337.19,Interpolated (Month),4841,1,0,1
2022,2,Asia,Model X,10212.0,11322.0,80523.38,120,697,1067.66,Official (Quarter),7086,0,3,2
2017,7,Europe,Model S,2321.0,2587.0,78676.97,120,699,243.36,Interpolated (Month),6122,1,2,1
2016,1,Europe,Model X,7412.0,7789.0,107037.76,60,332,369.12,Interpolated (Month),13737,1,3,1
2019,7,Europe,Cybertruck,4589.0,5205.0,57243.25,120,699,481.16,Official (Quarter),13883,1,0,2
2025,10,Europe,Model 3,7677.0,8705.0,119881.22,75,419,482.5,Official (Quarter),4444,1,1,2
2024,12,Middle East,Model S,6156.0,6299.0,94129.52,60,352,325.04,Interpolated (Month),13315,2,2,1
2021,11,Asia,Model S,4017.0,4053.0,72785.23,82,456,274.76,Interpolated (Month),11519,0,2,1
2019,11,North America,Model 3,9770.0,10883.0,64419.17,75,439,643.35,Official (Quarter),3253,3,1,2
2016,6,Europe,Model X,13711.0,15380.0,95953.5,82,456,937.83,Estimated (Region),7059,1,3,0
2024,12,North America,Model 3,9134.0,9485.0,57062.22,82,475,650.8,Estimated (Region),11158,3,1,0
2022,10,Asia,Cybertruck,8838.0,9805.0,106771.08,120,711,942.57,Official (Quarter),14899,0,0,2
2015,2,Europe,Cybertruck,5325.0,5514.0,100975.14,82,466,372.22,Interpolated (Month),10587,1,0,1
2025,1,North America,Model 3,2960.0,3135.0,62589.11,82,462,205.13,Interpolated (Month),8460,3,1,1
2018,4,North America,Model X,6612.0,7086.0,115020.17,100,566,561.36,Interpolated (Month),8584,3,3,1
2015,7,Middle East,Model S,6812.0,6939.0,101160.72,120,716,731.61,Estimated (Region),5174,2,2,0
2022,8,North America,Model S,13179.0,14454.0,107870.94,82,455,899.47,Official (Quarter),9057,3,2,2
2021,6,Middle East,Model 3,6935.0,7185.0,115528.79,120,691,718.81,Interpolated (Month),7377,2,1,1
2023,4,Europe,Cybertruck,6051.0,6712.0,116674.39,100,591,536.42,Estimated (Region),13834,1,0,0
2020,10,Middle East,Model Y,11829.0,13504.0,77739.41,60,350,621.02,Interpolated (Month),8871,2,4,1
2024,8,Asia,Model 3,4363.0,4926.0,102724.94,82,473,309.55,Interpolated (Month),7347,0,1,1
2020,7,North America,Model X,2130.0,2389.0,110700.65,100,583,186.27,Interpolated (Month),3563,3,3,1
2018,2,Europe,Model 3,14802.0,15759.0,76532.83,82,488,1083.51,Estimated (Region),6014,1,1,0
2015,8,Middle East,Model X,10293.0,10639.0,81670.77,100,557,859.98,Official (Quarter),5116,2,3,2
2016,11,Europe,Model S,6051.0,6905.0,96800.09,60,350,317.68,Official (Quarter),7343,1,2,2
2022,11,North America,Model X,9357.0,10368.0,88836.47,82,468,656.86,Official (Quarter),9789,3,3,2
2020,4,North America,Model S,11163.0,11497.0,75988.96,60,345,577.69,Official (Quarter),11705,3,2,2
2022,12,North America,Cybertruck,4639.0,4898.0,73303.85,60,335,233.11,Estimated (Region),10287,3,0,0
2019,4,Europe,Model S,12017.0,12889.0,105581.01,100,578,1041.87,Interpolated (Month),7104,1,2,1
2023,9,Europe,Model X,5499.0,5702.0,96785.25,60,352,290.35,Official (Quarter),8377,1,3,2
2024,5,Middle East,Model Y,8707.0,9536.0,109940.95,75,430,561.6,Interpolated (Month),5600,2,4,1
2016,5,Asia,Model X,9938.0,10101.0,88357.16,60,343,511.31,Estimated (Region),13132,0,3,0
2024,5,Europe,Model S,9655.0,9911.0,75453.94,82,466,674.88,Official (Quarter),14918,1,2,2
2017,2,Middle East,Model Y,10693.0,11944.0,82059.7,75,427,684.89,Official (Quarter),6634,2,4,2
2023,5,Asia,Model X,10595.0,11246.0,119356.09,82,470,746.95,Estimated (Region),9646,0,3,0
2021,11,Asia,Model Y,5293.0,5470.0,63164.1,100,571,453.35,Interpolated (Month),10899,0,4,1
2015,8,Europe,Cybertruck,5021.0,5368.0,116309.83,75,418,314.82,Official (Quarter),10034,1,0,2
2017,3,Asia,Model X,18097.0,18295.0,93564.03,82,491,1332.84,Estimated (Region),5281,0,3,0
2018,11,North America,Model Y,2125.0,2299.0,56121.26,82,466,148.54,Interpolated (Month),7962,3,4,1
2022,3,North America,Cybertruck,7888.0,8484.0,82503.22,82,461,545.46,Interpolated (Month),9060,3,0,1
2020,11,Europe,Model 3,5000.0,5740.0,89280.51,82,479,359.25,Interpolated (Month),6905,1,1,1
2016,6,Asia,Model Y,14693.0,14788.0,61537.04,75,417,919.05,Interpolated (Month),11711,0,4,1
2018,12,North America,Model S,13800.0,13902.0,67994.39,120,687,1422.09,Estimated (Region),5723,3,2,0
2015,11,Europe,Model Y,7449.0,7695.0,63050.68,100,588,657.0,Interpolated (Month),7201,1,4,1
2017,3,North America,Model 3,16645.0,19120.0,88113.76,82,490,1223.41,Interpolated (Month),3907,3,1,1
2016,1,Middle East,Model X,9845.0,11192.0,64746.35,100,581,857.99,Estimated (Region),10578,2,3,0
2017,5,Europe,Model S,5599.0,6209.0,89345.1,82,489,410.69,Estimated (Region),8955,1,2,0
2021,4,Europe,Model Y,6976.0,7095.0,78767.24,82,477,499.13,Interpolated (Month),11544,1,4,1
2020,4,Asia,Model 3,11669.0,12273.0,106539.17,120,674,1179.74,Official (Quarter),3759,0,1,2
2020,12,Europe,Model S,14367.0,16245.0,81271.77,100,567,1221.91,Estimated (Region),4658,1,2,0
2025,6,North America,Model S,5082.0,5510.0,98496.59,82,472,359.81,Official (Quarter),8210,3,2,2
2023,9,Middle East,Model X,9521.0,10178.0,89652.66,82,457,652.66,Official (Quarter),8629,2,3,2
2015,3,Middle East,Model X,10745.0,10785.0,117385.39,100,591,952.54,Estimated (Region),11351,2,3,0
2017,9,Europe,Cybertruck,8946.0,10154.0,119731.04,100,591,793.06,Estimated (Region),13138,1,0,0
2017,7,Asia,Model S,9498.0,10002.0,85394.39,100,597,850.55,Estimated (Region),13515,0,2,0
2022,2,Europe,Model Y,12927.0,14163.0,88739.94,120,660,1279.77,Interpolated (Month),11358,1,4,1
2024,1,Middle East,Model 3,10132.0,10885.0,115129.64,82,487,740.14,Interpolated (Month),12429,2,1,1
2021,8,Asia,Cybertruck,4842.0,5323.0,109677.71,60,337,244.76,Official (Quarter),8898,0,0,2
2015,10,Middle East,Cybertruck,10786.0,11162.0,51708.05,75,445,719.97,Official (Quarter),3255,2,0,2
2015,12,Europe,Cybertruck,9736.0,10358.0,81597.09,60,334,487.77,Official (Quarter),12537,1,0,2
2024,4,Europe,Model Y,15319.0,17286.0,58222.35,60,350,804.25,Official (Quarter),7906,1,4,2
2023,1,North America,Cybertruck,6048.0,6284.0,85833.15,60,339,307.54,Official (Quarter),5011,3,0,2
2020,8,Middle East,Model 3,12638.0,14358.0,58573.7,120,692,1311.82,Estimated (Region),13553,2,1,0
2024,3,Middle East,Cybertruck,13546.0,15290.0,119902.8,100,581,1180.53,Estimated (Region),12541,2,0,0
2017,12,North America,Model S,12033.0,12123.0,52443.81,82,473,853.74,Estimated (Region),8258,3,2,0
2019,10,Europe,Model 3,6836.0,7478.0,67723.92,82,483,495.27,Estimated (Region),12813,1,1,0
2015,4,Europe,Cybertruck,7509.0,8426.0,69729.83,75,416,468.56,Official (Quarter),11360,1,0,2
2023,7,North America,Cybertruck,8712.0,9269.0,92433.55,75,433,565.84,Interpolated (Month),10816,3,0,1
2018,10,North America,Model X,8168.0,8418.0,79308.66,120,673,824.56,Official (Quarter),3002,3,3,2
2018,6,Middle East,Model Y,8352.0,9537.0,108951.58,120,677,848.15,Interpolated (Month),3926,2,4,1
2022,9,Asia,Model S,12998.0,13364.0,110176.59,60,337,657.05,Estimated (Region),5717,0,2,0
2024,7,Europe,Model Y,4031.0,4541.0,81730.98,60,351,212.23,Interpolated (Month),4146,1,4,1
2019,11,Middle East,Cybertruck,10931.0,11121.0,117908.18,82,451,739.48,Estimated (Region),12632,2,0,0
2022,10,Asia,Model 3,10502.0,11504.0,102589.12,60,350,551.35,Interpolated (Month),5380,0,1,1
2017,10,Middle East,Cybertruck,2856.0,2917.0,93679.89,100,563,241.19,Estimated (Region),8854,2,0,0
2023,6,Asia,Model Y,6376.0,7139.0,67031.13,82,480,459.07,Official (Quarter),3820,0,4,2
2016,2,Middle East,Cybertruck,11687.0,12260.0,96731.54,60,354,620.58,Estimated (Region),12147,2,0,0
2025,3,North America,Model Y,9324.0,10053.0,104529.2,100,567,793.01,Estimated (Region),5144,3,4,0
2024,10,Middle East,Model 3,13290.0,13716.0,118042.95,75,417,831.29,Official (Quarter),4213,2,1,2
2022,6,Asia,Model Y,11175.0,12059.0,86222.27,60,357,598.42,Interpolated (Month),9588,0,4,1
2024,12,Europe,Model X,10907.0,11879.0,74142.24,60,331,541.53,Interpolated (Month),9499,1,3,1
2019,12,Europe,Model X,5928.0,6097.0,75670.53,75,416,369.91,Official (Quarter),10538,1,3,2
2024,12,Middle East,Model 3,5717.0,6024.0,114026.56,100,578,495.66,Official (Quarter),11858,2,1,2
2016,11,North America,Model S,2787.0,3166.0,99982.29,120,696,290.96,Official (Quarter),6712,3,2,2
2017,2,Europe,Model Y,6521.0,7151.0,77659.16,100,585,572.22,Official (Quarter),5390,1,4,2
2015,4,Middle East,Model 3,10387.0,11371.0,81391.19,120,677,1054.8,Estimated (Region),6943,2,1,0
2017,3,North America,Model X,4959.0,5104.0,59856.21,82,476,354.07,Interpolated (Month),12375,3,3,1
2025,4,North America,Model 3,9260.0,10611.0,112519.71,100,567,787.56,Estimated (Region),14978,3,1,0
2024,7,North America,Cybertruck,15734.0,17751.0,118196.98,120,686,1609.9825,Interpolated (Month),3725,3,0,1
2019,10,Middle East,Cybertruck,11057.0,11592.0,88087.6,120,693,1149.38,Estimated (Region),7278,2,0,0
2020,2,North America,Model X,9445.0,10658.0,77723.81,82,459,650.29,Official (Quarter),8097,3,3,2
2024,2,Europe,Model X,3265.0,3468.0,105086.98,120,692,338.91,Interpolated (Month),9564,1,3,1
2020,1,North America,Model S,7377.0,8178.0,71805.86,60,353,390.61,Official (Quarter),8311,3,2,2
2017,1,North America,Model X,12900.0,14332.0,59999.52,60,352,681.12,Interpolated (Month),12227,3,3,1
2022,3,Europe,Model 3,12358.0,13043.0,101854.59,100,589,1091.83,Estimated (Region),12159,1,1,0
2016,10,Middle East,Model Y,8723.0,9386.0,111195.58,75,431,563.94,Interpolated (Month),11427,2,4,1
2019,12,Middle East,Model S,14919.0,15702.0,114986.08,75,414,926.47,Official (Quarter),9592,2,2,2
2025,1,Asia,Model S,13061.0,13356.0,108516.44,75,447,875.74,Interpolated (Month),4643,0,2,1
2015,9,Europe,Model 3,13742.0,13797.0,65538.05,75,421,867.81,Interpolated (Month),11062,1,1,1
2019,3,Asia,Cybertruck,2030.0,2114.0,117121.03,82,456,138.85,Estimated (Region),9957,0,0,0
2017,3,Asia,Model S,8283.0,9476.0,63784.8,120,717,890.84,Official (Quarter),14937,0,2,2
2015,3,Europe,Cybertruck,5428.0,5720.0,70551.43,120,708,576.45,Interpolated (Month),12721,1,0,1
2017,7,Asia,Model 3,11311.0,11485.0,77491.15,100,577,978.97,Official (Quarter),9037,0,1,2
2021,12,Europe,Model 3,13787.0,14126.0,106287.65,75,442,914.08,Official (Quarter),4526,1,1,2
2015,3,Europe,Model Y,10232.0,11578.0,101853.8,100,584,896.32,Official (Quarter),11429,1,4,2
2019,8,North America,Model X,9682.0,10592.0,60226.76,60,354,514.11,Interpolated (Month),5820,3,3,1
2025,9,Asia,Cybertruck,9269.0,10104.0,88928.09,120,684,951.0,Official (Quarter),8148,0,0,2
2018,3,North America,Model 3,11772.0,12433.0,88490.8,75,414,731.04,Official (Quarter),8113,3,1,2
2022,8,Europe,Cybertruck,9876.0,10129.0,53073.32,100,582,862.17,Interpolated (Month),12287,1,0,1
2015,2,Europe,Model S,6790.0,7160.0,118024.75,60,358,364.62,Interpolated (Month),6021,1,2,1
2020,5,North America,Model 3,6593.0,7411.0,79936.84,75,434,429.2,Official (Quarter),4075,3,1,2
2022,6,Europe,Cybertruck,6353.0,6818.0,51579.88,75,438,417.39,Interpolated (Month),6528,1,0,1
2025,4,North America,Cybertruck,7767.0,8911.0,99603.43,60,331,385.63,Official (Quarter),3421,3,0,2
2024,2,Europe,Model 3,5737.0,6391.0,83777.69,75,447,384.67,Estimated (Region),6524,1,1,0
2025,2,Asia,Cybertruck,11891.0,12152.0,88572.19,120,668,1191.48,Official (Quarter),10334,0,0,2
2016,7,North America,Model 3,10058.0,11503.0,75755.85,120,679,1024.41,Official (Quarter),4786,3,1,2
2023,12,Middle East,Model S,9386.0,10716.0,71961.47,100,572,805.32,Interpolated (Month),4375,2,2,1
2025,12,Middle East,Model Y,17322.0,18872.0,58591.8,100,598,1553.78,Estimated (Region),4474,2,4,0
2023,7,Europe,Model Y,20021.0,21439.0,98881.93,82,468,1405.47,Official (Quarter),5427,1,4,2
2020,12,Asia,Model 3,10327.0,11623.0,119683.85,82,451,698.62,Official (Quarter),4354,0,1,2
2018,12,Europe,Cybertruck,6620.0,7570.0,79897.35,120,688,683.18,Estimated (Region),13775,1,0,0
2024,8,Asia,Cybertruck,12279.0,13291.0,78939.16,75,415,764.37,Interpolated (Month),11569,0,0,1
2019,4,North America,Model Y,14714.0,15851.0,119319.96,75,435,960.09,Official (Quarter),7451,3,4,2
2018,7,North America,Model 3,4861.0,5139.0,88831.23,100,553,403.22,Estimated (Region),3050,3,1,0
2016,1,North America,Model S,8190.0,8927.0,70416.38,120,701,861.18,Estimated (Region),13321,3,2,0
2023,1,Europe,Model X,6636.0,7522.0,100297.19,60,332,330.47,Estimated (Region),12853,1,3,0
2022,12,Middle East,Model S,15440.0,16476.0,104263.35,100,576,1334.02,Official (Quarter),6800,2,2,2
2020,12,Middle East,Model 3,11971.0,13387.0,74568.29,60,342,614.11,Interpolated (Month),7724,2,1,1
2020,5,Middle East,Model S,6380.0,6473.0,86877.2,60,331,316.77,Estimated (Region),4326,2,2,0
2016,6,Asia,Model S,13441.0,15177.0,109256.0,82,488,983.88,Interpolated (Month),6026,0,2,1
2025,2,North America,Model X,13671.0,14108.0,72777.33,75,418,857.17,Official (Quarter),10446,3,3,2
2019,11,Asia,Cybertruck,13482.0,13757.0,108525.52,75,418,845.32,Official (Quarter),6614,0,0,2
2022,6,North America,Model S,8749.0,9899.0,64115.86,120,664,871.4,Official (Quarter),12457,3,2,2
2017,10,Asia,Model S,11012.0,12619.0,82550.67,75,444,733.4,Estimated (Region),3748,0,2,0
2018,10,Middle East,Model 3,11265.0,11474.0,54937.49,60,357,603.24,Interpolated (Month),5281,2,1,1
2018,4,Europe,Cybertruck,2568.0,2829.0,116214.73,120,677,260.78,Interpolated (Month),3013,1,0,1
2024,9,Asia,Model S,10748.0,11279.0,77352.52,75,440,709.37,Official (Quarter),10217,0,2,2
2018,10,Asia,Model X,6871.0,6941.0,63098.7,100,577,594.69,Estimated (Region),6496,0,3,0
2024,1,Asia,Model X,3197.0,3640.0,76299.41,82,482,231.14,Interpolated (Month),9362,0,3,1
2024,9,Europe,Model Y,9792.0,10913.0,56983.41,75,441,647.74,Interpolated (Month),7457,1,4,1
2025,5,Europe,Model X,5490.0,5625.0,53816.58,75,424,349.16,Estimated (Region),8539,1,3,0
2025,1,Middle East,Model X,11734.0,12840.0,62085.96,60,337,593.15,Interpolated (Month),8616,2,3,1
2024,9,Middle East,Model X,4042.0,4146.0,100376.47,100,580,351.65,Estimated (Region),11156,2,3,0
2019,11,Middle East,Model X,9854.0,9934.0,108550.78,75,431,637.06,Official (Quarter),9324,2,3,2
2023,9,Europe,Model 3,10987.0,12070.0,63623.35,82,467,769.64,Interpolated (Month),14358,1,1,1
2024,6,Asia,Model S,9860.0,9994.0,59025.61,82,460,680.34,Estimated (Region),13314,0,2,0
2024,11,Asia,Model X,12222.0,13625.0,108805.4,82,484,887.32,Estimated (Region),3198,0,3,0
2021,8,North America,Cybertruck,9567.0,10635.0,93361.16,120,708,1016.02,Interpolated (Month),8181,3,0,1
2017,9,Asia,Model 3,3857.0,4289.0,106466.55,120,711,411.35,Official (Quarter),14971,0,1,2
2021,7,North America,Cybertruck,12772.0,13460.0,58806.16,82,475,910.0,Official (Quarter),9301,3,0,2
2019,12,Europe,Cybertruck,15301.0,16170.0,109020.14,82,477,1094.79,Interpolated (Month),10808,1,0,1
2015,7,North America,Model Y,12155.0,13332.0,89954.48,75,425,774.88,Interpolated (Month),14838,3,4,1
2020,7,Middle East,Model X,7553.0,7956.0,102335.63,82,473,535.89,Official (Quarter),12801,2,3,2
2018,7,Middle East,Model 3,12715.0,12763.0,74838.23,60,353,673.26,Estimated (Region),9766,2,1,0
2016,9,Europe,Model 3,5973.0,6395.0,107514.58,60,343,307.31,Official (Quarter),7293,1,1,2
2018,11,Europe,Model 3,7319.0,8008.0,63441.13,82,456,500.62,Interpolated (Month),14256,1,1,1
2017,10,Middle East,Model Y,12292.0,13774.0,59600.39,120,694,1279.6,Official (Quarter),9066,2,4,2
2023,11,North America,Model Y,2737.0,3009.0,97047.35,60,337,138.36,Official (Quarter),6897,3,4,2
2017,1,Middle East,Model X,10620.0,11123.0,57132.47,75,426,678.62,Official (Quarter),6244,2,3,2
2022,4,North America,Model Y,5516.0,6061.0,78125.56,75,446,369.02,Official (Quarter),10655,3,4,2
2016,6,North America,Model X,5812.0,5963.0,56887.7,100,583,508.26,Official (Quarter),12172,3,3,2
2023,1,Asia,Cybertruck,7068.0,8023.0,108374.16,82,473,501.47,Interpolated (Month),10393,0,0,1
2016,3,Middle East,Cybertruck,11239.0,11278.0,94938.01,82,475,800.78,Official (Quarter),9560,2,0,2
2018,1,Europe,Cybertruck,6558.0,6780.0,92977.92,120,675,664.0,Estimated (Region),9931,1,0,0
2021,11,Middle East,Model X,3096.0,3470.0,70264.85,120,699,324.62,Official (Quarter),8119,2,3,2
2023,11,Europe,Model Y,11523.0,12683.0,119313.43,60,332,573.85,Interpolated (Month),11006,1,4,1
2024,1,Middle East,Model S,14286.0,14699.0,93916.29,100,598,1281.45,Estimated (Region),8572,2,2,0
2022,4,Europe,Cybertruck,13867.0,15747.0,51095.03,82,489,1017.14,Estimated (Region),12717,1,0,0
2015,12,North America,Model S,9331.0,9800.0,102045.58,82,457,639.64,Estimated (Region),12815,3,2,0
2025,11,North America,Model Y,11488.0,12841.0,58543.76,60,335,577.27,Estimated (Region),5538,3,4,0
2016,11,Europe,Cybertruck,10434.0,11337.0,53061.74,120,667,1043.92,Estimated (Region),9703,1,0,0
2019,9,Asia,Cybertruck,9669.0,10159.0,50496.43,82,478,693.27,Official (Quarter),12905,0,0,2
2015,5,North America,Cybertruck,13430.0,13654.0,84483.76,100,550,1107.97,Interpolated (Month),8623,3,0,1
2025,1,Europe,Model X,6915.0,7670.0,102344.36,120,683,708.44,Estimated (Region),5525,1,3,0
2017,8,North America,Model 3,13697.0,14389.0,59998.94,82,479,984.13,Estimated (Region),5475,3,1,0
2016,2,Europe,Model 3,8713.0,9816.0,106396.91,75,434,567.22,Official (Quarter),13419,1,1,2
2025,5,Europe,Model S,7869.0,8273.0,117820.15,82,479,565.39,Interpolated (Month),7815,1,2,1
2016,3,Asia,Model S,10719.0,11219.0,92723.36,120,702,1128.71,Estimated (Region),6271,0,2,0
2024,6,Asia,Model Y,11536.0,12976.0,109244.41,75,437,756.18,Official (Quarter),14448,0,4,2
2018,2,North America,Model 3,10817.0,10885.0,79342.8,82,457,741.51,Estimated (Region),13551,3,1,0
2016,9,Middle East,Model 3,9469.0,10122.0,110519.45,60,346,491.44,Estimated (Region),7564,2,1,0
2016,12,Asia,Model X,11076.0,11534.0,111396.34,60,358,594.78,Official (Quarter),4785,0,3,2
2018,2,Middle East,Model 3,8065.0,8093.0,108446.3,82,490,592.78,Official (Quarter),4625,2,1,2
2019,9,Asia,Model Y,7202.0,7646.0,66402.75,100,550,594.16,Estimated (Region),13552,0,4,0
2024,1,Middle East,Model Y,15113.0,17144.0,79023.4,120,661,1498.45,Official (Quarter),13341,2,4,2
2025,10,Europe,Cybertruck,16403.0,17990.0,89023.22,100,582,1431.98,Estimated (Region),10354,1,0,0
2021,12,Asia,Model X,11729.0,12498.0,78248.4,120,668,1175.25,Interpolated (Month),9081,0,3,1
2022,11,Europe,Model S,10605.0,11896.0,100323.49,82,480,763.56,Estimated (Region),4202,1,2,0
2019,9,Europe,Model Y,6575.0,7546.0,96648.51,82,462,455.65,Interpolated (Month),10029,1,4,1
2025,12,Asia,Model 3,8406.0,8796.0,70798.2,82,463,583.8,Official (Quarter),13617,0,1,2
2019,7,North America,Cybertruck,9864.0,11217.0,64820.01,75,417,616.99,Interpolated (Month),12107,3,0,1
2016,2,Middle East,Model Y,11285.0,12244.0,101691.44,82,487,824.37,Estimated (Region),7849,2,4,0
2019,6,Europe,Model Y,8596.0,9054.0,97775.82,60,349,450.0,Official (Quarter),11583,1,4,2
2023,4,Middle East,Cybertruck,14542.0,16097.0,69145.2,82,455,992.49,Interpolated (Month),9672,2,0,1
2020,8,Asia,Model X,11637.0,11652.0,64097.94,75,448,782.01,Interpolated (Month),10360,0,3,1
2023,9,Middle East,Model Y,16368.0,18329.0,116163.28,82,475,1166.22,Interpolated (Month),6055,2,4,1
2015,1,Middle East,Model Y,10348.0,10835.0,85599.95,82,488,757.47,Estimated (Region),5991,2,4,0
2017,7,Asia,Model Y,8745.0,9321.0,92738.27,60,334,438.12,Official (Quarter),11083,0,4,2
2017,9,North America,Model Y,14122.0,16111.0,94546.2,100,566,1198.96,Estimated (Region),6234,3,4,0
2020,9,Asia,Cybertruck,4927.0,5124.0,85637.94,100,557,411.65,Estimated (Region),10339,0,0,0
2018,12,Asia,Model X,13841.0,14984.0,60720.12,82,480,996.55,Interpolated (Month),10203,0,3,1
2018,4,North America,Model Y,14998.0,15028.0,55711.91,120,675,1518.55,Interpolated (Month),3334,3,4,1
2024,4,Asia,Model Y,12693.0,13879.0,95107.73,75,439,835.83,Interpolated (Month),6511,0,4,1
2019,12,Middle East,Model 3,16992.0,17643.0,75519.65,82,485,1236.17,Interpolated (Month),5339,2,1,1
2020,4,Asia,Model Y,12896.0,14568.0,71655.8,82,479,926.58,Official (Quarter),3193,0,4,2
2018,6,Asia,Cybertruck,8089.0,8151.0,77845.54,75,431,522.95,Interpolated (Month),8799,0,0,1
2021,2,North America,Model Y,12392.0,14134.0,87091.29,60,348,646.86,Interpolated (Month),8789,3,4,1
2024,10,Middle East,Model X,11341.0,11531.0,90118.95,100,589,1001.98,Official (Quarter),7400,2,3,2
2021,12,Asia,Model S,14275.0,15487.0,83022.94,82,471,1008.53,Interpolated (Month),11786,0,2,1
2023,9,Europe,Cybertruck,10505.0,11889.0,74982.21,82,463,729.57,Interpolated (Month),5566,1,0,1
2019,12,Asia,Model S,16654.0,18544.0,92470.13,75,418,1044.21,Estimated (Region),12569,0,2,0
2025,11,Europe,Model 3,7803.0,8201.0,72269.28,60,358,419.02,Interpolated (Month),12468,1,1,1
2015,11,Middle East,Cybertruck,12029.0,12315.0,111660.95,100,593,1069.98,Interpolated (Month),3350,2,0,1
2017,7,North America,Model 3,19455.0,21752.0,81804.18,100,581,1609.9825,Estimated (Region),5980,3,1,0
2018,2,Middle East,Model S,5162.0,5239.0,51161.47,100,583,451.42,Estimated (Region),10229,2,2,0
2020,6,Middle East,Model X,14735.0,15380.0,62093.01,120,682,1507.39,Interpolated (Month),13930,2,3,1
2016,4,North America,Model Y,16513.0,16988.0,72636.01,75,420,1040.32,Interpolated (Month),7259,3,4,1
2023,1,Middle East,Cybertruck,16007.0,16938.0,76317.19,82,477,1145.3,Official (Quarter),8937,2,0,2
2022,3,Asia,Model 3,9544.0,10884.0,76473.74,60,347,496.77,Interpolated (Month),12504,0,1,1
2023,3,Middle East,Model 3,10215.0,11462.0,104380.22,82,483,740.08,Estimated (Region),11496,2,1,0
2018,11,Europe,Cybertruck,7886.0,8591.0,107006.87,100,569,673.07,Estimated (Region),4587,1,0,0
2019,12,Europe,Model 3,8432.0,8904.0,60598.73,75,442,559.04,Interpolated (Month),11486,1,1,1
2016,6,North America,Cybertruck,13984.0,15294.0,76735.77,100,560,1174.66,Official (Quarter),4456,3,0,2
2019,1,Middle East,Cybertruck,7244.0,7617.0,109643.39,82,473,513.96,Estimated (Region),9176,2,0,0
2018,3,North America,Cybertruck,1627.0,1708.0,77620.06,82,472,115.19,Estimated (Region),4936,3,0,0
2017,9,Europe,Model X,7844.0,7883.0,111543.0,75,421,495.35,Official (Quarter),9688,1,3,2
2024,9,North America,Model S,10739.0,12336.0,118825.12,75,436,702.33,Estimated (Region),8314,3,2,0
2024,3,Asia,Model S,9135.0,9417.0,117887.45,100,551,755.01,Estimated (Region),12429,0,2,0
2021,2,Europe,Model Y,16194.0,17499.0,108854.96,60,331,804.03,Official (Quarter),7401,1,4,2
2019,7,North America,Model S,10429.0,10716.0,57395.52,82,484,757.15,Official (Quarter),9945,3,2,2
2025,10,North America,Model S,834.0,903.0,67041.78,75,414,51.79,Estimated (Region),14270,3,2,0
2019,11,Asia,Model S,12742.0,13960.0,106127.81,120,687,1313.06,Interpolated (Month),7339,0,2,1
2019,1,Middle East,Model 3,16394.0,17095.0,94153.93,120,687,1609.9825,Estimated (Region),8784,2,1,0
2020,9,Middle East,Model X,7019.0,8016.0,79635.06,75,412,433.77,Estimated (Region),8308,2,3,0
2015,10,Asia,Model X,9719.0,10041.0,119136.76,82,489,712.89,Interpolated (Month),3473,0,3,1
2015,9,Asia,Cybertruck,10844.0,12086.0,59807.92,60,356,579.07,Interpolated (Month),8849,0,0,1
2020,9,North America,Cybertruck,13042.0,14469.0,78765.3,75,436,852.95,Estimated (Region),11391,3,0,0
2019,5,Middle East,Model Y,10628.0,11626.0,55269.51,120,666,1061.74,Estimated (Region),3591,2,4,0
2021,10,North America,Model X,14290.0,16239.0,51262.24,120,693,1485.45,Official (Quarter),12448,3,3,2
2025,8,North America,Model X,5547.0,5600.0,73125.04,120,673,559.97,Estimated (Region),13667,3,3,0
2019,4,Asia,Model Y,2017.0,2031.0,77040.14,100,567,171.55,Estimated (Region),6787,0,4,0
2017,10,Europe,Model Y,5477.0,6185.0,112026.54,120,671,551.26,Estimated (Region),11849,1,4,0
2015,7,Europe,Model Y,12003.0,13676.0,88973.4,120,694,1249.51,Estimated (Region),6359,1,4,0
2016,6,North America,Model S,8538.0,8629.0,50847.59,60,358,458.49,Estimated (Region),11850,3,2,0
2022,10,Asia,Model X,15871.0,17003.0,87563.63,120,706,1609.9825,Interpolated (Month),10935,0,3,1
2019,1,Europe,Model S,16562.0,17052.0,106362.21,60,335,832.24,Official (Quarter),4019,1,2,2
2019,8,Middle East,Model X,7950.0,8493.0,86261.07,75,412,491.31,Interpolated (Month),8072,2,3,1
2016,4,Europe,Model X,5161.0,5521.0,54209.96,100,578,447.46,Official (Quarter),14491,1,3,2
2017,8,Middle East,Model X,6555.0,7430.0,102498.45,75,446,438.53,Estimated (Region),12104,2,3,0
2016,8,North America,Model Y,13536.0,15492.0,89211.77,100,596,1210.12,Interpolated (Month),3627,3,4,1
2020,12,North America,Model S,385.0,400.0,92280.35,100,593,34.25,Interpolated (Month),14986,3,2,1
2025,9,Middle East,Cybertruck,7166.0,7176.0,66599.21,75,421,452.53,Official (Quarter),8064,2,0,2
2022,2,Europe,Model 3,10944.0,11395.0,55575.16,60,342,561.43,Estimated (Region),9651,1,1,0
2015,9,Middle East,Model X,3159.0,3625.0,86798.31,82,458,217.02,Interpolated (Month),6267,2,3,1
2016,10,Europe,Model 3,10280.0,10378.0,108196.15,100,579,892.82,Estimated (Region),4379,1,1,0
2025,7,Asia,Model S,8354.0,8972.0,70719.48,100,566,709.25,Interpolated (Month),14531,0,2,1
2023,2,Europe,Cybertruck,6820.0,7637.0,90643.38,100,588,601.52,Estimated (Region),6992,1,0,0
2018,10,North America,Model S,5201.0,5401.0,102648.0,120,690,538.3,Interpolated (Month),6850,3,2,1
2020,4,Asia,Model S,11089.0,11641.0,102110.95,75,418,695.28,Interpolated (Month),4563,0,2,1
2015,10,North America,Cybertruck,6202.0,6819.0,115578.08,60,351,326.54,Estimated (Region),5579,3,0,0
2025,6,Asia,Model S,11262.0,12586.0,112804.29,100,571,964.59,Estimated (Region),5808,0,2,0
2023,12,North America,Model S,8896.0,9145.0,104131.28,75,430,573.79,Estimated (Region),7213,3,2,0
2022,8,Europe,Model Y,1388.0,1438.0,77895.14,60,330,68.71,Interpolated (Month),12269,1,4,1
2025,12,Middle East,Model S,9394.0,10078.0,82633.32,120,699,984.96,Interpolated (Month),4241,2,2,1
2022,2,North America,Model X,13191.0,13201.0,89537.34,82,464,918.09,Interpolated (Month),6872,3,3,1
2018,11,Asia,Model S,7542.0,7881.0,94995.65,60,348,393.69,Interpolated (Month),11352,0,2,1
2019,2,Middle East,Model Y,6476.0,7157.0,78751.21,75,431,418.67,Estimated (Region),3088,2,4,0
2023,6,Europe,Model Y,9414.0,10245.0,59743.15,60,330,465.99,Estimated (Region),5943,1,4,0
2017,1,Europe,Cybertruck,6240.0,6540.0,83350.59,120,673,629.93,Interpolated (Month),10685,1,0,1
2018,10,Europe,Model Y,11109.0,11914.0,119082.72,82,481,801.51,Interpolated (Month),5983,1,4,1
2021,1,Asia,Model X,10798.0,11052.0,98343.59,120,690,1117.59,Official (Quarter),10807,0,3,2
2019,5,Asia,Model Y,12863.0,13082.0,95073.56,82,485,935.78,Interpolated (Month),9928,0,4,1
2024,12,Europe,Model 3,5881.0,6734.0,106798.53,120,666,587.51,Estimated (Region),4461,1,1,0
2025,7,Middle East,Model S,17474.0,19836.0,68258.46,120,712,1609.9825,Interpolated (Month),10730,2,2,1
2024,8,Middle East,Cybertruck,7408.0,8406.0,90693.75,100,567,630.05,Estimated (Region),5791,2,0,0
2025,1,North America,Model S,5949.0,6096.0,64285.11,120,701,625.54,Estimated (Region),14004,3,2,0
2024,4,Asia,Model S,6656.0,6776.0,110526.14,75,431,430.31,Estimated (Region),9865,0,2,0
2015,6,Middle East,Model Y,20337.625,21930.125,81318.87,82,472,1579.9,Interpolated (Month),5909,2,4,1
2022,6,Europe,Model Y,13128.0,13872.0,50567.57,120,660,1299.67,Estimated (Region),8526,1,4,0
2016,3,North America,Model 3,15502.0,16256.0,75652.31,100,569,1323.1,Estimated (Region),11345,3,1,0
2024,8,Asia,Model X,13506.0,13585.0,119158.79,82,478,968.38,Estimated (Region),11173,0,3,0
2018,4,Europe,Model X,20337.625,21930.125,78461.34,60,334,1075.8,Interpolated (Month),11576,1,3,1
2025,1,Middle East,Model S,9133.0,10371.0,113498.22,60,350,479.48,Official (Quarter),14114,2,2,2
2025,4,Europe,Model Y,12364.0,13649.0,110733.32,82,466,864.24,Official (Quarter),3518,1,4,2
2018,4,Asia,Model S,6475.0,7117.0,94359.81,120,695,675.02,Official (Quarter),3194,0,2,2
2024,7,Middle East,Cybertruck,11767.0,12485.0,68338.29,82,491,866.64,Estimated (Region),12566,2,0,0
2021,2,Europe,Model X,11811.0,13576.0,102555.32,82,477,845.08,Interpolated (Month),7263,1,3,1
2022,10,Europe,Model Y,15676.0,17413.0,93764.81,75,449,1055.78,Estimated (Region),9403,1,4,0
2016,7,Europe,Model 3,18246.0,20097.0,106349.23,75,422,1154.97,Estimated (Region),12900,1,1,0
2021,4,Europe,Cybertruck,11441.0,11747.0,55571.17,60,358,614.38,Interpolated (Month),6127,1,0,1
2017,4,Middle East,Model S,5656.0,5846.0,96413.3,120,704,597.27,Estimated (Region),13181,2,2,0
2020,10,Europe,Cybertruck,11466.0,11648.0,84494.69,60,334,574.45,Official (Quarter),14739,1,0,2
2022,9,North America,Cybertruck,1726.0,1857.0,51678.28,82,463,119.87,Interpolated (Month),12838,3,0,1
2020,12,Europe,Model X,1598.0,1741.0,106523.46,60,333,79.82,Official (Quarter),7767,1,3,2
2021,6,Middle East,Model Y,3973.0,4376.0,70270.79,100,578,344.46,Estimated (Region),3790,2,4,0
2015,11,North America,Model Y,15813.0,16654.0,70106.73,100,564,1337.78,Interpolated (Month),5803,3,4,1
2019,5,Middle East,Model X,12584.0,13581.0,82708.27,60,333,628.57,Interpolated (Month),10794,2,3,1
2022,11,North America,Model S,4638.0,5271.0,62220.88,60,338,235.15,Interpolated (Month),9202,3,2,1
2015,7,North America,Model S,7413.0,7546.0,112336.91,82,475,528.18,Official (Quarter),11149,3,2,2
2016,3,North America,Model Y,1386.0,1511.0,96774.9,100,580,120.58,Estimated (Region),8561,3,4,0
2017,5,Middle East,Model S,11634.0,12912.0,78316.92,60,332,579.37,Official (Quarter),12405,2,2,2
2021,1,Asia,Model S,6231.0,7073.0,77803.08,60,337,314.98,Interpolated (Month),8380,0,2,1
2022,1,Asia,Model X,12858.0,14363.0,102880.61,120,696,1342.38,Official (Quarter),10521,0,3,2
2021,7,Middle East,Model Y,16161.0,16229.0,107997.12,75,442,1071.47,Official (Quarter),6108,2,4,2
2016,2,Middle East,Model S,11459.0,11511.0,115166.41,120,701,1204.91,Official (Quarter),11118,2,2,2
2023,3,Asia,Model 3,13511.0,14683.0,98246.08,60,333,674.87,Interpolated (Month),12853,0,1,1
2016,1,Middle East,Model 3,14314.0,16247.0,79520.46,100,563,1208.82,Interpolated (Month),10108,2,1,1
2016,7,North America,Model S,9463.0,10543.0,52471.79,75,440,624.56,Official (Quarter),5429,3,2,2
2019,3,Asia,Model S,6614.0,6653.0,51529.27,120,706,700.42,Interpolated (Month),4613,0,2,1
2025,1,Asia,Model 3,15910.0,17075.0,68122.21,82,481,1147.91,Official (Quarter),11659,0,1,2
2022,1,North America,Cybertruck,17648.0,18986.0,107197.15,75,444,1175.36,Interpolated (Month),10387,3,0,1
2017,8,Europe,Cybertruck,10232.0,11717.0,54659.53,60,349,535.65,Interpolated (Month),3889,1,0,1
2020,11,Europe,Model X,8939.0,9066.0,118310.96,100,564,756.24,Estimated (Region),8085,1,3,0
2022,3,North America,Model 3,6634.0,7029.0,89992.4,60,358,356.25,Estimated (Region),9200,3,1,0
2019,1,Asia,Model S,4532.0,4860.0,80040.46,120,664,451.39,Estimated (Region),4273,0,2,0
2016,3,Europe,Model 3,15537.0,17431.0,100268.62,100,597,1391.34,Interpolated (Month),3218,1,1,1
2019,4,Europe,Cybertruck,10842.0,12009.0,76043.05,120,665,1081.49,Estimated (Region),8494,1,0,0
2018,8,Europe,Model X,15325.0,15719.0,86265.42,82,459,1055.13,Interpolated (Month),6399,1,3,1
2023,3,Asia,Model Y,9545.0,10805.0,112142.75,82,490,701.56,Estimated (Region),13412,0,4,0
2025,6,North America,Cybertruck,8313.0,8403.0,89817.31,75,433,539.93,Interpolated (Month),13199,3,0,1
2016,10,North America,Model Y,8787.0,9766.0,53370.0,120,714,941.09,Official (Quarter),13227,3,4,2
2023,5,Middle East,Model X,6438.0,6827.0,64542.45,100,582,562.04,Interpolated (Month),13454,2,3,1
2022,4,Europe,Model X,7427.0,7905.0,78551.94,75,416,463.44,Estimated (Region),11113,1,3,0
2023,1,Middle East,Model S,7039.0,7539.0,77416.66,60,357,376.94,Interpolated (Month),4507,2,2,1
2015,9,North America,Model X,7705.0,7747.0,83044.69,82,474,547.83,Official (Quarter),3788,3,3,2
2015,4,Europe,Model S,10522.0,11561.0,61405.41,82,453,714.97,Estimated (Region),10709,1,2,0
2022,8,Middle East,Model S,11018.0,11192.0,96536.54,100,564,932.12,Official (Quarter),5387,2,2,2
2021,11,Middle East,Model 3,10128.0,11258.0,85225.34,120,664,1008.75,Official (Quarter),11682,2,1,2
2018,2,North America,Model X,3942.0,4239.0,101204.05,120,717,423.96,Official (Quarter),5645,3,3,2
2020,7,Middle East,Cybertruck,20003.0,21930.125,69900.18,60,347,1041.16,Interpolated (Month),10041,2,0,1
2023,9,Asia,Model 3,13194.0,14916.0,75161.15,82,488,965.8,Official (Quarter),11383,0,1,2
2015,12,Asia,Model S,5915.0,5988.0,97634.95,82,477,423.22,Official (Quarter),6279,0,2,2
2022,4,Middle East,Model 3,5781.0,6585.0,81786.76,120,704,610.47,Estimated (Region),7406,2,1,0
2023,1,Europe,Cybertruck,9902.0,10828.0,82222.5,60,331,491.63,Estimated (Region),3173,1,0,0
2020,7,North America,Model 3,15597.0,17814.0,83261.96,75,424,991.97,Estimated (Region),12195,3,1,0
2021,7,North America,Model Y,477.0,539.0,63480.71,82,455,32.56,Official (Quarter),13773,3,4,2
2025,6,North America,Model Y,15994.0,16261.0,63100.15,60,345,827.69,Estimated (Region),13189,3,4,0
2018,9,Europe,Cybertruck,13280.0,14227.0,109436.86,60,341,679.27,Official (Quarter),5019,1,0,2
2020,3,Middle East,Model S,10855.0,11166.0,105335.95,75,429,698.52,Estimated (Region),6619,2,2,0
2020,10,Asia,Model Y,13412.0,14022.0,75380.82,75,414,832.89,Official (Quarter),14872,0,4,2
2016,7,Asia,Cybertruck,10563.0,11036.0,115847.55,120,675,1069.5,Estimated (Region),8155,0,0,0
2023,8,Middle East,Model S,14551.0,16389.0,66100.03,100,550,1200.46,Interpolated (Month),10815,2,2,1
2025,8,Europe,Model Y,11152.0,11731.0,104207.9,75,422,705.92,Estimated (Region),6943,1,4,0
2020,10,North America,Model X,11801.0,12368.0,88663.66,60,331,585.92,Interpolated (Month),3526,3,3,1
2016,3,Middle East,Model X,7228.0,7951.0,56687.47,120,697,755.69,Interpolated (Month),8421,2,3,1
2017,6,Middle East,Model Y,10303.0,10612.0,93174.85,100,587,907.18,Official (Quarter),11855,2,4,2
2021,11,Asia,Model 3,9950.0,10746.0,60068.41,75,412,614.91,Estimated (Region),12697,0,1,0
2018,2,Asia,Model 3,12334.0,14166.0,51803.87,82,475,878.8,Interpolated (Month),10914,0,1,1
2015,5,Middle East,Cybertruck,7602.0,8738.0,88880.22,120,706,805.05,Official (Quarter),14337,2,0,2
2021,6,Asia,Model S,5451.0,5887.0,107666.12,60,333,272.28,Interpolated (Month),14316,0,2,1
2020,7,Asia,Cybertruck,12018.0,12650.0,76376.74,100,576,1038.36,Estimated (Region),3002,0,0,0
2018,1,Middle East,Model 3,8629.0,9169.0,58145.09,120,696,900.87,Official (Quarter),14261,2,1,2
2019,5,Asia,Model S,7384.0,7641.0,84440.12,100,565,625.79,Official (Quarter),5181,0,2,2
2020,10,North America,Model S,10348.0,10789.0,53294.28,100,583,904.93,Interpolated (Month),13353,3,2,1
2017,3,Europe,Cybertruck,15491.0,16526.0,64642.98,100,552,1282.65,Interpolated (Month),13123,1,0,1
2020,9,Middle East,Cybertruck,7584.0,8336.0,80383.42,100,590,671.18,Estimated (Region),13866,2,0,0
2018,7,Europe,Model S,12659.0,12998.0,105825.98,60,350,664.6,Estimated (Region),9563,1,2,0
2024,9,North America,Model 3,19606.0,21050.0,97773.53,100,555,1609.9825,Interpolated (Month),6940,3,1,1
2017,8,Middle East,Model 3,11639.0,12722.0,101957.72,75,418,729.77,Estimated (Region),5339,2,1,0
2024,9,North America,Model Y,4373.0,4733.0,68988.8,120,696,456.54,Interpolated (Month),14726,3,4,1
2015,10,Europe,Model S,20337.625,20625.0,68358.48,120,695,1609.9825,Estimated (Region),3617,1,2,0
2023,8,North America,Model S,10325.0,10679.0,58513.6,82,465,720.17,Official (Quarter),6065,3,2,2
2021,9,Europe,Model X,7322.0,7942.0,110107.04,82,455,499.73,Estimated (Region),12427,1,3,0
2024,5,Asia,Model S,10131.0,10941.0,57004.53,100,579,879.88,Interpolated (Month),12340,0,2,1
2018,10,North America,Model Y,9362.0,10646.0,109071.56,60,352,494.31,Interpolated (Month),5013,3,4,1
2022,9,North America,Model X,13861.0,14807.0,98865.2,120,683,1420.06,Interpolated (Month),4918,3,3,1
2023,1,Europe,Model S,12892.0,13400.0,52502.39,82,479,926.29,Interpolated (Month),8905,1,2,1
2024,8,North America,Cybertruck,8278.0,9039.0,69077.18,100,563,699.08,Estimated (Region),4362,3,0,0
2020,2,Middle East,Model 3,9463.0,10065.0,100028.73,82,475,674.24,Interpolated (Month),6587,2,1,1
2017,2,Asia,Model 3,5991.0,6294.0,51352.93,75,417,374.74,Estimated (Region),7963,0,1,0
2023,7,Asia,Model 3,12374.0,13714.0,55953.05,75,420,779.56,Estimated (Region),3105,0,1,0
2020,4,Europe,Model S,14810.0,16490.0,105589.42,75,431,957.47,Official (Quarter),13736,1,2,2
2021,6,Asia,Cybertruck,4618.0,5183.0,106179.25,120,689,477.27,Official (Quarter),6581,0,0,2
2024,3,Europe,Model 3,13755.0,14448.0,70602.52,75,445,918.15,Official (Quarter),12563,1,1,2
2017,7,Europe,Model X,8880.0,9964.0,97959.4,82,455,606.06,Official (Quarter),6470,1,3,2
2025,8,Asia,Model 3,9563.0,10105.0,102342.21,82,488,700.01,Estimated (Region),12059,0,1,0
2019,3,North America,Cybertruck,12106.0,13118.0,53822.72,75,448,813.52,Official (Quarter),9151,3,0,2
2015,8,Asia,Model 3,10516.0,11614.0,114574.96,100,585,922.78,Interpolated (Month),4830,0,1,1
2022,3,Middle East,Model X,11191.0,12382.0,116541.44,120,674,1131.41,Estimated (Region),11953,2,3,0
2016,8,North America,Model 3,11469.0,11581.0,84129.98,120,662,1138.87,Official (Quarter),3751,3,1,2
2023,5,Asia,Cybertruck,8494.0,9483.0,93809.27,120,684,871.48,Interpolated (Month),6048,0,0,1
2018,1,Asia,Model 3,8115.0,9095.0,72972.56,75,420,511.24,Estimated (Region),4016,0,1,0
2019,5,North America,Model 3,6829.0,7204.0,77364.22,120,718,735.48,Official (Quarter),14455,3,1,2
2020,3,North America,Model 3,10391.0,11708.0,105935.75,120,690,1075.47,Official (Quarter),5794,3,1,2
2025,1,Europe,Model 3,14788.0,15440.0,103431.57,60,352,780.81,Official (Quarter),5949,1,1,2
2015,2,North America,Model Y,8689.0,8698.0,85752.31,120,685,892.79,Estimated (Region),5665,3,4,0
2015,8,Middle East,Model Y,787.0,894.0,75367.57,75,434,51.23,Estimated (Region),10587,2,4,0
2022,1,North America,Model 3,10388.0,10764.0,111340.46,60,330,514.21,Interpolated (Month),11789,3,1,1
2023,12,North America,Model X,11355.0,11397.0,76378.49,75,446,759.65,Estimated (Region),6295,3,3,0
2016,5,Asia,Model 3,364.0,393.0,65064.13,120,660,36.04,Interpolated (Month),5894,0,1,1
2024,8,Europe,Model X,10413.0,10457.0,51043.72,60,333,520.13,Official (Quarter),6019,1,3,2
2025,7,North America,Model Y,12448.0,12992.0,66408.4,60,345,644.18,Estimated (Region),4370,3,4,0
2023,5,North America,Model X,9251.0,9823.0,103497.19,82,474,657.75,Interpolated (Month),3852,3,3,1
2016,11,North America,Cybertruck,9155.0,10186.0,54970.54,82,454,623.46,Interpolated (Month),7257,3,0,1
2025,10,Europe,Model X,9986.0,10201.0,96271.89,60,349,522.77,Estimated (Region),13175,1,3,0
2021,9,North America,Model X,3727.0,3854.0,50806.82,120,667,372.89,Official (Quarter),6711,3,3,2
2018,11,Asia,Model X,7901.0,8031.0,111857.88,82,465,551.09,Interpolated (Month),11206,0,3,1
2017,9,North America,Model X,12043.0,13481.0,69036.22,120,701,1266.32,Estimated (Region),6168,3,3,0
2024,10,Asia,Model S,10792.0,10895.0,100028.12,82,472,764.07,Interpolated (Month),13810,0,2,1
2016,4,Asia,Model 3,8734.0,9416.0,93651.0,60,332,434.95,Official (Quarter),12063,0,1,2
2016,6,Asia,Model 3,7667.0,8535.0,82237.76,60,355,408.27,Estimated (Region),11741,0,1,0
2017,4,Europe,Model Y,9489.0,10197.0,64327.61,60,347,493.9,Estimated (Region),5233,1,4,0
2021,4,Asia,Model 3,11991.0,12463.0,58532.24,120,690,1241.07,Official (Quarter),10023,0,1,2
2023,1,Asia,Model X,10406.0,11745.0,77396.47,60,356,555.68,Estimated (Region),5882,0,3,0
2023,9,Middle East,Model 3,12121.0,13398.0,52940.4,120,714,1298.16,Estimated (Region),8813,2,1,0
2023,11,Middle East,Model X,10530.0,10951.0,80810.09,75,442,698.14,Interpolated (Month),10316,2,3,1
2016,4,Europe,Model 3,14910.0,17133.0,96328.74,100,577,1290.46,Estimated (Region),11767,1,1,0
2016,3,Europe,Model X,12255.0,12614.0,50529.4,75,436,801.48,Estimated (Region),13776,1,3,0
2017,11,Asia,Cybertruck,7450.0,7962.0,74585.36,120,665,743.14,Interpolated (Month),8833,0,0,1
2023,1,Middle East,Model Y,8340.0,9123.0,100931.53,100,583,729.33,Estimated (Region),8646,2,4,0
2017,8,Asia,Model S,14800.0,15762.0,119802.76,82,473,1050.06,Estimated (Region),6853,0,2,0
2025,4,Asia,Model S,8531.0,9254.0,94611.34,120,704,900.87,Interpolated (Month),5172,0,2,1
2023,6,North America,Model 3,9176.0,10500.0,95752.21,82,485,667.55,Official (Quarter),9302,3,1,2
2019,7,Asia,Cybertruck,11985.0,13202.0,97786.98,60,348,625.62,Estimated (Region),6193,0,0,0
2022,9,Europe,Model X,8462.0,9003.0,88641.27,60,336,426.48,Official (Quarter),11922,1,3,2
2022,2,Asia,Cybertruck,6490.0,6571.0,53659.35,60,337,328.07,Interpolated (Month),3890,0,0,1
2020,11,Middle East,Model Y,7457.0,7607.0,95132.97,75,425,475.38,Official (Quarter),11495,2,4,2
2023,12,Asia,Model X,8534.0,8672.0,85621.34,75,429,549.16,Official (Quarter),14418,0,3,2
2024,5,Europe,Model X,8375.0,9325.0,71668.72,82,488,613.05,Estimated (Region),10880,1,3,0
2019,1,Middle East,Model Y,9910.0,11266.0,92725.41,60,346,514.33,Official (Quarter),5996,2,4,2
2023,3,Middle East,Model X,4694.0,4872.0,110345.89,82,487,342.9,Official (Quarter),5329,2,3,2
2025,10,North America,Model Y,5998.0,6291.0,59349.08,60,344,309.5,Interpolated (Month),11960,3,4,1
2021,1,Middle East,Model X,7651.0,8241.0,64010.79,75,424,486.6,Interpolated (Month),10101,2,3,1
2021,9,Asia,Model 3,7479.0,7809.0,51068.54,82,460,516.05,Interpolated (Month),6383,0,1,1
2015,1,Asia,Model Y,12446.0,13885.0,55183.13,60,340,634.75,Official (Quarter),4390,0,4,2
2018,8,Asia,Model Y,9090.0,9771.0,97242.52,82,460,627.21,Interpolated (Month),12096,0,4,1
2019,7,Europe,Model X,8165.0,8713.0,78383.02,60,359,439.69,Official (Quarter),6506,1,3,2
2018,5,Europe,Model Y,16359.0,17254.0,94867.59,82,470,1153.31,Official (Quarter),5279,1,4,2
2024,7,North America,Model X,14181.0,15135.0,118547.38,82,490,1042.3,Estimated (Region),6949,3,3,0
2017,2,Asia,Cybertruck,12861.0,13866.0,118320.97,75,417,804.46,Interpolated (Month),3203,0,0,1
2016,9,Europe,Cybertruck,12186.0,13009.0,102417.84,75,436,796.96,Interpolated (Month),10451,1,0,1
2020,1,Middle East,Model 3,12862.0,12915.0,67265.95,100,572,1103.56,Estimated (Region),10542,2,1,0
2016,4,Asia,Model Y,9390.0,9760.0,75209.55,75,415,584.53,Interpolated (Month),14243,0,4,1
2023,8,Asia,Model 3,9162.0,9238.0,69917.84,120,709,974.38,Official (Quarter),3958,0,1,2
2019,3,Middle East,Model X,7494.0,7784.0,72152.0,120,665,747.53,Estimated (Region),6638,2,3,0
2018,9,Asia,Model S,10714.0,11018.0,100426.88,82,471,756.94,Official (Quarter),10251,0,2,2
2019,5,North America,Cybertruck,5490.0,5540.0,99109.57,75,412,339.28,Official (Quarter),7910,3,0,2
2019,8,Europe,Model S,7717.0,8834.0,114107.0,100,575,665.59,Official (Quarter),12541,1,2,2
2016,8,North America,Model X,303.0,318.0,112988.33,60,330,15.0,Official (Quarter),10965,3,3,2
2024,7,Asia,Model 3,5162.0,5789.0,80595.47,75,417,322.88,Official (Quarter),9773,0,1,2
2022,7,Asia,Model Y,8140.0,8786.0,77684.24,120,679,829.06,Estimated (Region),10324,0,4,0
2018,9,Asia,Model 3,14916.0,15947.0,108009.63,75,443,991.17,Official (Quarter),11512,0,1,2
2019,4,Europe,Model X,12794.0,14038.0,85776.57,60,343,658.25,Interpolated (Month),14603,1,3,1
2019,9,North America,Cybertruck,3533.0,4017.0,73478.48,60,358,189.72,Interpolated (Month),9396,3,0,1
2018,7,Middle East,Cybertruck,15866.0,17292.0,85959.55,100,564,1342.26,Official (Quarter),3077,2,0,2
2024,11,Middle East,Model Y,5203.0,5352.0,95729.01,82,453,353.54,Official (Quarter),6760,2,4,2
2018,6,Middle East,Cybertruck,10527.0,10795.0,58886.11,75,417,658.46,Official (Quarter),9222,2,0,2
2016,2,North America,Model Y,14643.0,15161.0,55144.77,100,558,1225.62,Estimated (Region),9237,3,4,0
2019,5,Middle East,Model S,18391.0,19591.0,70485.86,60,346,954.49,Interpolated (Month),4600,2,2,1
2024,7,Europe,Model S,2561.0,2848.0,89562.13,60,343,131.76,Estimated (Region),6711,1,2,0
2018,12,Europe,Model S,14006.0,15697.0,109152.78,75,427,897.08,Official (Quarter),3615,1,2,2
2016,9,Middle East,Model S,10718.0,11136.0,113503.65,60,350,562.69,Official (Quarter),9725,2,2,2
2015,12,North America,Model X,10764.0,11784.0,68186.25,60,349,563.5,Estimated (Region),9479,3,3,0
2016,6,Middle East,Model Y,9163.0,10262.0,64282.49,100,577,793.06,Estimated (Region),11796,2,4,0
2020,6,Europe,Model X,13212.0,15110.0,55439.87,100,576,1141.52,Interpolated (Month),6640,1,3,1
2024,7,Asia,Model S,6295.0,6909.0,102989.63,75,440,415.47,Estimated (Region),9118,0,2,0
2015,1,Europe,Model Y,10835.0,11723.0,62939.81,120,718,1166.93,Official (Quarter),12301,1,4,2
2022,3,North America,Model Y,15239.0,17202.0,65984.89,75,420,960.06,Official (Quarter),5414,3,4,2
2023,9,North America,Cybertruck,16468.0,17844.0,109706.93,82,463,1143.7,Interpolated (Month),9284,3,0,1
2016,4,Middle East,Model 3,10327.0,10916.0,111458.2,120,712,1102.92,Estimated (Region),12671,2,1,0
2022,1,Europe,Model Y,4983.0,5420.0,81003.99,60,331,247.41,Interpolated (Month),6835,1,4,1
2016,4,North America,Cybertruck,10136.0,10238.0,106024.96,82,460,699.38,Official (Quarter),9480,3,0,2
2016,10,Europe,Model X,14647.0,14853.0,113673.88,75,437,960.11,Interpolated (Month),12951,1,3,1
2021,11,North America,Model 3,10035.0,10461.0,98072.9,82,478,719.51,Estimated (Region),5657,3,1,0
2015,6,Europe,Model S,15474.0,16287.0,91294.24,82,467,1083.95,Official (Quarter),8249,1,2,2
2021,11,Middle East,Cybertruck,11027.0,11391.0,77197.18,120,711,1176.03,Official (Quarter),11693,2,0,2
2015,7,North America,Model 3,5673.0,6344.0,84890.95,100,554,471.43,Estimated (Region),9445,3,1,0
2019,3,Europe,Model S,8090.0,8442.0,82858.48,60,355,430.79,Estimated (Region),6658,1,2,0
2022,3,Asia,Model X,14748.0,15047.0,70390.56,60,334,738.87,Interpolated (Month),12734,0,3,1
2025,7,Europe,Model S,7263.0,7826.0,64941.35,120,692,753.9,Official (Quarter),13024,1,2,2
2018,12,Middle East,Model Y,18736.0,19288.0,64822.21,120,662,1609.9825,Estimated (Region),6864,2,4,0
2021,2,Asia,Model X,10288.0,11101.0,59878.83,60,330,509.26,Estimated (Region),12721,0,3,0
2023,3,Middle East,Cybertruck,13992.0,15052.0,95339.64,75,431,904.58,Interpolated (Month),8901,2,0,1
2024,3,Middle East,Model X,8095.0,8115.0,107035.44,60,340,412.84,Interpolated (Month),9965,2,3,1
2021,1,Asia,Model Y,14376.0,16294.0,80830.42,82,487,1050.17,Estimated (Region),12008,0,4,0
2015,6,Middle East,Model S,10855.0,12167.0,102378.18,100,559,910.19,Estimated (Region),5512,2,2,0
2019,7,Asia,Model Y,11376.0,11660.0,114661.2,75,443,755.94,Estimated (Region),7248,0,4,0
2018,2,North America,Cybertruck,4922.0,5477.0,87190.58,60,350,258.4,Interpolated (Month),8141,3,0,1
2023,12,Middle East,Model X,10739.0,11242.0,62476.32,82,486,782.87,Interpolated (Month),7842,2,3,1
2022,3,Middle East,Model Y,3025.0,3377.0,88655.56,100,583,264.54,Official (Quarter),6874,2,4,2
2025,4,Europe,Cybertruck,9374.0,10743.0,51202.11,82,489,687.58,Official (Quarter),7424,1,0,2
2021,10,North America,Model 3,9412.0,10170.0,51575.3,75,429,605.66,Official (Quarter),12376,3,1,2
2025,10,Middle East,Model S,8179.0,8289.0,70058.32,75,448,549.63,Official (Quarter),9702,2,2,2
2018,11,Europe,Model X,14686.0,16707.0,112122.83,60,348,766.61,Estimated (Region),12699,1,3,0
2020,10,Asia,Model 3,5067.0,5275.0,112142.61,60,331,251.58,Interpolated (Month),13964,0,1,1
2017,10,Asia,Model X,9176.0,9273.0,64755.52,60,336,462.47,Official (Quarter),8629,0,3,2
2025,3,North America,Model S,10136.0,10478.0,78754.4,60,356,541.26,Official (Quarter),9330,3,2,2
2019,8,Middle East,Model 3,15767.0,16107.0,50603.33,75,413,976.77,Estimated (Region),10039,2,1,0
2022,8,Asia,Model S,9887.0,10191.0,101605.94,60,350,519.07,Estimated (Region),5955,0,2,0
2016,4,Europe,Cybertruck,6317.0,7033.0,74330.01,100,583,552.42,Official (Quarter),12545,1,0,2
2017,6,Asia,Model 3,8663.0,8673.0,80350.8,60,332,431.42,Official (Quarter),11980,0,1,2
2016,12,North America,Model X,12787.0,13943.0,107869.52,120,719,1379.08,Estimated (Region),6460,3,3,0
2019,7,Middle East,Model X,6486.0,6723.0,105898.91,82,455,442.67,Estimated (Region),12368,2,3,0
2015,3,Europe,Model S,11929.0,11956.0,114982.3,120,685,1225.7,Official (Quarter),14599,1,2,2
2018,9,Europe,Model Y,5427.0,6137.0,61820.09,120,663,539.72,Interpolated (Month),11609,1,4,1
2020,8,Middle East,Model S,13881.0,14957.0,113565.86,120,708,1474.16,Interpolated (Month),3789,2,2,1
2021,12,Asia,Model 3,4856.0,4919.0,96772.65,60,356,259.31,Estimated (Region),3693,0,1,0
2017,4,Asia,Model X,2885.0,3069.0,52629.98,120,667,288.64,Estimated (Region),12186,0,3,0
2015,5,Europe,Model X,16130.0,16670.0,117425.58,75,412,996.83,Interpolated (Month),14638,1,3,1
2017,11,Asia,Model S,5580.0,5893.0,105841.26,100,568,475.42,Estimated (Region),4044,0,2,0
2024,12,Asia,Model X,18088.0,18840.0,83312.48,100,573,1554.66,Estimated (Region),7661,0,3,0
2021,6,Middle East,Cybertruck,5982.0,6153.0,78518.37,75,447,401.09,Interpolated (Month),7527,2,0,1
2025,8,Europe,Cybertruck,11435.0,11620.0,115455.36,60,338,579.75,Interpolated (Month),9247,1,0,1
2022,7,North America,Cybertruck,9098.0,10351.0,107062.62,75,449,612.75,Official (Quarter),13563,3,0,2
2020,5,Asia,Model Y,10136.0,11429.0,88538.17,120,709,1077.96,Estimated (Region),6642,0,4,0
2018,5,North America,Model S,5386.0,5493.0,94267.74,75,417,336.89,Interpolated (Month),9941,3,2,1
2024,2,North America,Cybertruck,15966.0,16719.0,108022.8,100,580,1389.04,Estimated (Region),7669,3,0,0
2016,4,North America,Model S,7770.0,8462.0,84773.68,82,491,572.26,Interpolated (Month),4637,3,2,1
2021,9,Asia,Model S,13332.0,15323.0,67686.41,82,468,935.91,Official (Quarter),9242,0,2,2
2017,4,North America,Model Y,14030.0,15411.0,66827.92,82,458,963.86,Interpolated (Month),14018,3,4,1
2023,3,North America,Model Y,6214.0,7124.0,69688.2,120,717,668.32,Interpolated (Month),3642,3,4,1
2024,10,North America,Cybertruck,15430.0,15790.0,105296.38,120,663,1534.51,Estimated (Region),5328,3,0,0
2017,1,Asia,Cybertruck,9897.0,10319.0,59367.99,75,436,647.26,Estimated (Region),3651,0,0,0
2016,7,Europe,Model S,15050.0,16500.0,54539.75,100,578,1304.83,Estimated (Region),9737,1,2,0
2024,12,Europe,Cybertruck,9061.0,9355.0,68450.11,82,459,623.85,Interpolated (Month),12180,1,0,1
2022,3,Asia,Model S,17591.0,18945.0,111047.42,120,677,1609.9825,Interpolated (Month),4034,0,2,1
2016,2,Asia,Model Y,5786.0,6539.0,62400.49,60,350,303.76,Estimated (Region),13057,0,4,0
2018,4,Europe,Model Y,10915.0,12057.0,113018.49,100,589,964.34,Interpolated (Month),11116,1,4,1
2015,4,Asia,Model 3,11229.0,12493.0,106478.43,82,491,827.02,Official (Quarter),7951,0,1,2
2020,10,Europe,Model S,5140.0,5634.0,51640.31,120,685,528.13,Estimated (Region),13500,1,2,0
2023,6,North America,Model S,9262.0,9758.0,70352.07,100,580,805.79,Estimated (Region),13833,3,2,0
2015,4,North America,Model Y,13098.0,13438.0,80369.62,60,341,669.96,Interpolated (Month),10390,3,4,1
2016,8,Asia,Cybertruck,8832.0,10136.0,104040.87,75,413,547.14,Interpolated (Month),3782,0,0,1
2025,10,Middle East,Model 3,13412.0,14323.0,72066.7,100,597,1201.04,Official (Quarter),13194,2,1,2
2016,6,North America,Model Y,12146.0,12628.0,51466.15,75,415,756.09,Official (Quarter),14614,3,4,2
2021,5,Asia,Model X,6296.0,6964.0,52182.24,120,712,672.41,Estimated (Region),4663,0,3,0
2021,5,Middle East,Model Y,15561.0,16424.0,84024.03,100,565,1318.79,Official (Quarter),4702,2,4,2
2017,2,North America,Model S,244.0,267.0,99270.0,75,412,15.08,Interpolated (Month),5003,3,2,1
2022,10,North America,Cybertruck,16170.0,16386.0,64781.06,60,345,836.8,Official (Quarter),3240,3,0,2
2021,2,Europe,Model S,8908.0,9004.0,111677.36,82,461,615.99,Interpolated (Month),10115,1,2,1
2025,12,North America,Model 3,12098.0,12627.0,58627.89,120,708,1284.81,Official (Quarter),3110,3,1,2
2023,2,Europe,Model Y,7526.0,8104.0,73142.06,75,444,501.23,Estimated (Region),8685,1,4,0
2017,10,Middle East,Model X,10725.0,12116.0,60844.77,60,332,534.1,Estimated (Region),8814,2,3,0
2023,10,Asia,Model 3,8910.0,9887.0,119253.33,60,338,451.74,Official (Quarter),13499,0,1,2
2023,8,Middle East,Model Y,6839.0,7695.0,79420.32,75,434,445.22,Interpolated (Month),13475,2,4,1
2024,4,Europe,Model 3,13127.0,14901.0,56291.48,60,333,655.69,Official (Quarter),8946,1,1,2
2025,1,North America,Cybertruck,2006.0,2257.0,103091.22,120,679,204.31,Official (Quarter),4236,3,0,2
2020,2,Europe,Model S,11156.0,12741.0,103679.42,100,563,942.12,Official (Quarter),10089,1,2,2
2016,2,Asia,Model X,12451.0,14262.0,56573.05,120,700,1307.35,Interpolated (Month),8325,0,3,1
2022,5,Europe,Model S,2213.0,2309.0,87883.16,120,661,219.42,Estimated (Region),3957,1,2,0
2015,11,Europe,Model S,10936.0,12225.0,56258.77,75,428,702.09,Interpolated (Month),13549,1,2,1
2018,1,Asia,Model Y,1328.0,1492.0,76922.78,82,469,93.42,Interpolated (Month),6639,0,4,1
2015,8,Asia,Model X,17528.0,18643.0,101551.1,100,596,1567.0,Interpolated (Month),14106,0,3,1
2017,3,Europe,Model 3,6659.0,6793.0,117055.39,60,345,344.6,Estimated (Region),5902,1,1,0
2017,4,Middle East,Model X,7289.0,7694.0,113135.81,82,484,529.18,Interpolated (Month),14818,2,3,1
2021,4,Europe,Model X,8545.0,9233.0,53450.98,120,660,845.95,Interpolated (Month),5937,1,3,1
2022,9,Europe,Model S,10357.0,11217.0,81540.77,82,462,717.74,Interpolated (Month),6576,1,2,1
2016,7,Middle East,Model X,1489.0,1586.0,101065.58,100,588,131.33,Estimated (Region),4906,2,3,0
2025,9,Middle East,Model Y,12555.0,13111.0,51497.22,60,358,674.2,Official (Quarter),5036,2,4,2
2017,3,Middle East,Model S,10076.0,10449.0,94843.06,75,437,660.48,Estimated (Region),4952,2,2,0
2020,7,Middle East,Model 3,6574.0,7071.0,110595.15,75,421,415.15,Official (Quarter),3942,2,1,2
2023,9,Asia,Model Y,3581.0,3609.0,116405.93,100,582,312.62,Estimated (Region),13523,0,4,0
2024,11,North America,Model 3,13906.0,14284.0,67111.65,100,591,1232.77,Official (Quarter),10372,3,1,2
2019,9,North America,Model Y,1329.0,1472.0,91036.48,75,430,85.72,Estimated (Region),5307,3,4,0
2016,8,Europe,Model 3,3539.0,3599.0,60587.28,120,673,357.26,Official (Quarter),6011,1,1,2
2015,10,Middle East,Model Y,15787.0,16541.0,93812.4,82,487,1153.24,Estimated (Region),10390,2,4,0
2017,5,North America,Model 3,3987.0,4294.0,85622.34,120,682,407.87,Official (Quarter),14195,3,1,2
2017,11,Europe,Model S,16816.0,17842.0,72976.32,75,429,1082.11,Estimated (Region),12149,1,2,0
2023,2,Europe,Model X,10361.0,10389.0,88192.59,82,479,744.44,Estimated (Region),12484,1,3,0
2017,6,Asia,Model S,14497.0,14906.0,97072.23,60,359,780.66,Interpolated (Month),4222,0,2,1
2017,2,Middle East,Cybertruck,10975.0,11083.0,65976.48,120,674,1109.57,Interpolated (Month),8808,2,0,1
2016,4,Europe,Model Y,12155.0,12521.0,87507.94,100,554,1010.08,Estimated (Region),8404,1,4,0
2017,7,North America,Cybertruck,10101.0,10186.0,84376.7,82,489,740.91,Interpolated (Month),4264,3,0,1
2024,7,North America,Model S,8473.0,9665.0,72186.17,82,477,606.24,Estimated (Region),3960,3,2,0
2023,8,Asia,Model X,8254.0,9011.0,60702.1,75,414,512.57,Interpolated (Month),5591,0,3,1
2016,10,Europe,Cybertruck,14004.0,15629.0,92134.64,82,487,1022.99,Estimated (Region),8320,1,0,0
2015,3,Middle East,Cybertruck,8661.0,9518.0,69595.37,100,597,775.59,Estimated (Region),11854,2,0,0
2017,6,North America,Model Y,5984.0,6051.0,116599.63,100,564,506.25,Interpolated (Month),4104,3,4,1
2017,3,Middle East,Model Y,13529.0,15008.0,56677.95,82,468,949.74,Official (Quarter),3350,2,4,2
2015,11,Europe,Model X,12699.0,14494.0,95475.27,82,475,904.8,Official (Quarter),9152,1,3,2
2017,1,Asia,Model 3,11109.0,11947.0,81454.48,75,434,723.2,Official (Quarter),10497,0,1,2
2016,2,Asia,Model S,13665.0,14597.0,86091.72,120,689,1412.28,Estimated (Region),11002,0,2,0
2018,4,Europe,Model S,17645.0,20199.0,53529.17,100,594,1572.17,Official (Quarter),9922,1,2,2
2020,5,Europe,Cybertruck,6793.0,7690.0,72977.86,75,416,423.88,Official (Quarter),13440,1,0,2
2025,9,North America,Cybertruck,13798.0,14822.0,116201.66,82,481,995.53,Estimated (Region),11766,3,0,0
2018,4,Asia,Model X,6486.0,6577.0,108206.28,75,446,433.91,Estimated (Region),10797,0,3,0
2024,4,North America,Model Y,3880.0,4172.0,68982.44,75,448,260.74,Interpolated (Month),8566,3,4,1
2020,9,North America,Model S,6756.0,7714.0,59280.19,120,706,715.46,Interpolated (Month),6177,3,2,1
2024,1,Europe,Model 3,16404.0,17098.0,83700.47,100,552,1358.25,Official (Quarter),12810,1,1,2
2015,5,North America,Model Y,4370.0,4616.0,55845.05,120,706,462.78,Official (Quarter),9700,3,4,2
2023,9,North America,Model S,4688.0,5323.0,63867.29,75,413,290.42,Estimated (Region),3243,3,2,0
2022,10,Europe,Model X,12079.0,13501.0,64000.62,60,333,603.35,Official (Quarter),11109,1,3,2
2015,2,North America,Model S,6766.0,7709.0,106568.43,100,581,589.66,Interpolated (Month),13457,3,2,1
2021,1,North America,Model 3,4497.0,4573.0,100443.14,60,345,232.72,Official (Quarter),13729,3,1,2
2024,1,North America,Cybertruck,8771.0,9978.0,81508.7,120,704,926.22,Official (Quarter),8603,3,0,2
2021,4,Europe,Model S,17519.0,18226.0,106219.32,60,331,869.82,Official (Quarter),14905,1,2,2
2019,1,Asia,Model Y,10794.0,10867.0,80652.99,75,444,718.88,Estimated (Region),6148,0,4,0
2018,9,North America,Model Y,10850.0,11088.0,98322.6,75,447,727.49,Interpolated (Month),11190,3,4,1
2024,2,North America,Model S,3021.0,3431.0,110853.81,120,674,305.42,Interpolated (Month),3974,3,2,1
2023,2,Asia,Model X,5798.0,5833.0,78202.27,82,489,425.28,Official (Quarter),3141,0,3,2
2018,9,Europe,Model 3,14770.0,16435.0,106836.24,82,489,1083.38,Estimated (Region),6755,1,1,0
2020,2,Asia,Cybertruck,5880.0,6345.0,58881.1,120,695,612.99,Official (Quarter),8789,0,0,2
2025,8,North America,Model 3,12625.0,13469.0,71602.54,120,696,1318.05,Estimated (Region),5221,3,1,0
2022,6,North America,Cybertruck,7479.0,7535.0,111154.37,75,415,465.57,Official (Quarter),5960,3,0,2
2020,11,Europe,Model S,15767.0,17014.0,78194.99,60,347,820.67,Official (Quarter),4070,1,2,2
2024,11,North America,Model X,9466.0,9638.0,50426.13,82,471,668.77,Estimated (Region),14979,3,3,0
2016,11,Middle East,Model Y,9894.0,10915.0,59838.71,75,430,638.16,Interpolated (Month),3330,2,4,1
2023,2,North America,Model S,9190.0,10059.0,71085.8,75,413,569.32,Official (Quarter),13663,3,2,2
2015,4,Middle East,Model Y,9951.0,10036.0,88467.02,60,343,511.98,Estimated (Region),13652,2,4,0
2025,9,Europe,Model 3,6508.0,6909.0,67035.88,75,417,407.08,Estimated (Region),13288,1,1,0
2018,10,Europe,Model 3,15011.0,15779.0,81092.84,75,437,983.97,Official (Quarter),9106,1,1,2
2023,10,Middle East,Model 3,15735.0,15777.0,100572.29,100,591,1394.91,Estimated (Region),7789,2,1,0
2022,9,Asia,Model 3,1940.0,2079.0,84919.57,75,420,122.22,Official (Quarter),6262,0,1,2
2024,11,Asia,Cybertruck,11286.0,11627.0,110476.99,60,339,573.89,Estimated (Region),14874,0,0,0
2016,8,North America,Model S,9094.0,9464.0,103157.88,120,686,935.77,Official (Quarter),12320,3,2,2
2021,9,Asia,Cybertruck,13744.0,13932.0,85971.31,60,336,692.7,Official (Quarter),5174,0,0,2
2021,11,North America,Model X,9645.0,10063.0,106628.44,120,708,1024.3,Estimated (Region),8484,3,3,0
2017,12,Middle East,Model S,3478.0,3949.0,107218.55,82,482,251.46,Estimated (Region),3667,2,2,0
2021,7,North America,Model X,10517.0,11404.0,71935.74,120,677,1068.0,Official (Quarter),11800,3,3,2
2017,11,Europe,Model 3,9026.0,10314.0,62284.41,75,433,586.24,Official (Quarter),9951,1,1,2
2024,5,Middle East,Model X,11236.0,12899.0,77863.02,82,464,782.03,Official (Quarter),10493,2,3,2
2016,4,Europe,Model S,6920.0,7833.0,95561.42,82,472,489.94,Estimated (Region),6892,1,2,0
2015,11,Europe,Cybertruck,7876.0,7944.0,117837.18,100,594,701.75,Interpolated (Month),14133,1,0,1
2022,10,North America,Model X,9311.0,10061.0,119661.16,100,569,794.69,Interpolated (Month),10384,3,3,1
2025,11,Middle East,Model X,6457.0,7175.0,98539.81,100,562,544.33,Official (Quarter),6034,2,3,2
2019,12,Asia,Model X,14386.0,15722.0,96444.32,100,591,1275.32,Interpolated (Month),5585,0,3,1
2018,9,Europe,Model S,1654.0,1853.0,110299.26,60,334,82.87,Estimated (Region),14428,1,2,0
2020,4,Europe,Model Y,8132.0,8438.0,72439.73,120,668,814.83,Official (Quarter),6554,1,4,2
2022,1,Europe,Cybertruck,7779.0,8724.0,98279.11,75,439,512.25,Official (Quarter),11377,1,0,2
2024,4,North America,Model S,7530.0,8178.0,108313.99,120,701,791.78,Interpolated (Month),3253,3,2,1
2020,5,Europe,Model 3,7844.0,7845.0,81470.83,100,591,695.37,Estimated (Region),9867,1,1,0
2015,10,Asia,Model 3,12482.0,13992.0,96114.84,60,350,655.3,Official (Quarter),13190,0,1,2
2020,8,Asia,Model S,14744.0,15429.0,56005.6,120,665,1470.71,Interpolated (Month),14078,0,2,1
2017,1,North America,Model Y,12064.0,13255.0,103628.12,82,485,877.66,Official (Quarter),10363,3,4,2
2018,10,Middle East,Model S,9655.0,10086.0,72428.09,60,334,483.72,Interpolated (Month),12397,2,2,1
2016,2,Middle East,Model X,5427.0,6240.0,53374.84,82,491,399.7,Official (Quarter),7882,2,3,2
2019,2,Europe,Model Y,13438.0,14220.0,108069.61,75,417,840.55,Estimated (Region),14224,1,4,0
2020,2,Europe,Model 3,10803.0,12231.0,86063.46,60,353,572.02,Interpolated (Month),9745,1,1,1
2020,4,North America,Model Y,11663.0,12383.0,59687.83,60,349,610.56,Interpolated (Month),9296,3,4,1
2017,5,Asia,Model 3,7895.0,8081.0,71685.15,100,564,667.92,Estimated (Region),13456,0,1,0
2019,2,Asia,Model Y,6884.0,7892.0,76404.12,100,590,609.23,Official (Quarter),8214,0,4,2
2017,6,Europe,Model S,15361.0,15939.0,97321.84,100,585,1347.93,Interpolated (Month),10320,1,2,1
2020,2,North America,Model S,12916.0,13310.0,111135.28,75,414,802.08,Interpolated (Month),13663,3,2,1
2025,12,Asia,Model Y,14840.0,16581.0,71647.93,120,698,1553.75,Official (Quarter),13586,0,4,2
2023,5,Europe,Cybertruck,16651.0,16945.0,117077.58,60,332,829.22,Interpolated (Month),5772,1,0,1
2017,10,Asia,Cybertruck,9752.0,10159.0,105880.52,60,339,495.89,Official (Quarter),6592,0,0,2
2020,12,Middle East,Model S,3677.0,3723.0,58349.02,82,460,253.71,Estimated (Region),9002,2,2,0
2018,7,Middle East,Model S,18271.0,18713.0,83021.79,82,473,1296.33,Estimated (Region),9843,2,2,0
2016,11,Europe,Model X,10075.0,11169.0,58439.09,100,595,899.19,Interpolated (Month),3797,1,3,1
2019,8,Europe,Model 3,7614.0,7924.0,107116.91,120,682,778.91,Interpolated (Month),4060,1,1,1
2020,5,Asia,Model X,2004.0,2223.0,111232.3,120,716,215.23,Estimated (Region),12661,0,3,0
2023,1,North America,Model X,14120.0,15873.0,76797.69,120,695,1472.01,Estimated (Region),11649,3,3,0
2024,10,Asia,Cybertruck,8169.0,8904.0,60938.29,82,472,578.37,Interpolated (Month),5765,0,0,1
2022,11,Asia,Cybertruck,5997.0,6294.0,68885.72,75,431,387.71,Official (Quarter),8281,0,0,2
2016,3,Asia,Cybertruck,10500.0,11998.0,92112.83,82,484,762.3,Official (Quarter),13610,0,0,2
2017,6,Europe,Model Y,11562.0,12777.0,97607.83,120,684,1186.26,Estimated (Region),3184,1,4,0
2020,4,Europe,Model 3,7600.0,8624.0,112737.97,100,584,665.76,Official (Quarter),13307,1,1,2
2020,11,Asia,Model Y,1504.0,1572.0,62726.59,120,665,150.02,Official (Quarter),11569,0,4,2
2020,12,Middle East,Model X,13334.0,13717.0,54285.17,120,695,1390.07,Interpolated (Month),14870,2,3,1
2022,12,Asia,Model Y,10567.0,11778.0,93354.59,100,561,889.21,Official (Quarter),3011,0,4,2
2016,10,Europe,Model S,16842.0,18849.0,52426.92,120,694,1609.9825,Estimated (Region),14945,1,2,0
2017,3,Asia,Cybertruck,11703.0,13032.0,61317.0,60,344,603.87,Interpolated (Month),11619,0,0,1
2019,5,Asia,Cybertruck,7613.0,8216.0,52406.38,60,349,398.54,Estimated (Region),3977,0,0,0
2023,3,Middle East,Model Y,10430.0,11441.0,88175.4,82,453,708.72,Interpolated (Month),11946,2,4,1
2024,10,Asia,Model X,4300.0,4787.0,81593.52,75,448,288.96,Estimated (Region),6129,0,3,0
2019,8,Asia,Model S,14086.0,14453.0,75285.12,82,477,1007.85,Official (Quarter),3848,0,2,2
2023,2,Asia,Model Y,13384.0,14564.0,85097.75,120,712,1429.41,Official (Quarter),4008,0,4,2
2020,12,North America,Model Y,8596.0,9674.0,95555.18,100,580,747.85,Estimated (Region),7009,3,4,0
2021,10,North America,Model Y,15715.0,16991.0,72672.69,75,417,982.97,Official (Quarter),13650,3,4,2
2021,12,North America,Model X,7084.0,7179.0,91352.76,60,347,368.72,Estimated (Region),8025,3,3,0
2024,10,North America,Model S,11035.0,11367.0,105305.19,75,441,729.97,Interpolated (Month),4351,3,2,1
2021,7,Middle East,Model S,11357.0,12845.0,73056.46,60,347,591.13,Estimated (Region),13167,2,2,0
2017,4,Middle East,Model 3,3096.0,3247.0,99883.49,75,443,205.73,Estimated (Region),5179,2,1,0
2021,8,Europe,Model X,9226.0,10565.0,102709.03,120,708,979.8,Interpolated (Month),3393,1,3,1
2025,8,Asia,Cybertruck,14792.0,14834.0,57854.1,120,719,1595.32,Estimated (Region),6364,0,0,0
2024,10,Middle East,Model Y,9793.0,10014.0,82617.67,120,700,1028.26,Interpolated (Month),12986,2,4,1
2017,5,Asia,Model S,11968.0,12960.0,77758.76,82,456,818.61,Estimated (Region),13383,0,2,0
2016,6,Asia,Model X,12651.0,12987.0,88151.88,75,449,852.04,Official (Quarter),14248,0,3,2
2015,5,Asia,Model 3,10733.0,11466.0,93409.28,120,676,1088.33,Official (Quarter),5257,0,1,2
2024,4,Asia,Model 3,5616.0,6095.0,78734.52,60,335,282.2,Official (Quarter),11941,0,1,2
2023,11,Middle East,Model Y,11111.0,11422.0,85715.12,82,472,786.66,Estimated (Region),13514,2,4,0
2024,10,North America,Model 3,5736.0,6520.0,63624.08,120,696,598.84,Interpolated (Month),14827,3,1,1
2024,7,Asia,Model X,17392.0,19819.0,79984.0,60,339,884.38,Interpolated (Month),14726,0,3,1
2017,11,Middle East,Model X,9250.0,9926.0,80098.96,75,434,602.17,Interpolated (Month),14994,2,3,1
2024,4,Europe,Model X,9738.0,9893.0,74190.66,120,668,975.75,Estimated (Region),10632,1,3,0
2016,6,Europe,Model Y,5820.0,6203.0,92905.77,82,489,426.9,Official (Quarter),5888,1,4,2
2020,1,Asia,Model 3,12934.0,14720.0,117789.34,100,577,1119.44,Interpolated (Month),8498,0,1,1
2023,7,Middle East,Model Y,8716.0,9361.0,53865.23,82,490,640.63,Official (Quarter),4542,2,4,2
2022,5,Asia,Model 3,3048.0,3163.0,101224.33,60,334,152.7,Estimated (Region),7216,0,1,0
2022,7,Europe,Model Y,5763.0,6322.0,82499.07,100,574,496.19,Estimated (Region),8132,1,4,0
2019,11,Asia,Model Y,20196.0,20348.0,54403.52,120,671,1609.9825,Interpolated (Month),3389,0,4,1
2025,6,Europe,Model S,14180.0,16298.0,85571.01,75,425,903.97,Interpolated (Month),5230,1,2,1
2025,5,Asia,Model 3,3900.0,4093.0,87971.21,120,717,419.44,Official (Quarter),5472,0,1,2
2024,2,Asia,Model X,13035.0,14376.0,51251.49,60,336,656.96,Interpolated (Month),3833,0,3,1
2016,11,Asia,Model Y,8999.0,9429.0,90753.91,82,466,629.03,Official (Quarter),10212,0,4,2
2018,10,Asia,Model Y,6961.0,7396.0,76380.68,100,593,619.18,Official (Quarter),13863,0,4,2
2021,3,North America,Model S,11207.0,12054.0,99613.59,60,337,566.51,Interpolated (Month),6893,3,2,1
2015,2,Middle East,Model X,4718.0,5172.0,55889.8,100,558,394.9,Estimated (Region),13782,2,3,0
2019,1,Asia,Cybertruck,7929.0,8463.0,90432.92,82,474,563.75,Estimated (Region),6989,0,0,0
2023,2,North America,Model Y,7173.0,7344.0,64362.8,100,589,633.73,Estimated (Region),5006,3,4,0
2021,5,Europe,Model S,13913.0,15664.0,81371.96,120,698,1456.69,Official (Quarter),5654,1,2,2
2015,2,Middle East,Cybertruck,7142.0,7840.0,65698.85,60,351,376.03,Official (Quarter),5846,2,0,2
2020,10,North America,Model 3,5855.0,5998.0,106868.96,120,711,624.44,Interpolated (Month),13972,3,1,1
2015,9,Europe,Cybertruck,12851.0,14451.0,77802.85,120,700,1349.35,Estimated (Region),5459,1,0,0
2023,3,Middle East,Model S,14484.0,15577.0,82534.89,100,599,1301.39,Interpolated (Month),8922,2,2,1
2021,4,Middle East,Model Y,5163.0,5876.0,103022.83,75,439,339.98,Interpolated (Month),11510,2,4,1
2024,5,Middle East,Model 3,8419.0,8521.0,51459.17,120,697,880.21,Interpolated (Month),10556,2,1,1
2017,8,Asia,Cybertruck,12395.0,13414.0,54652.43,75,441,819.93,Official (Quarter),10004,0,0,2
2021,3,Asia,Model S,16317.0,17422.0,109971.1,60,358,876.22,Estimated (Region),7031,0,2,0
2017,5,Middle East,Cybertruck,4695.0,4999.0,118625.81,75,415,292.26,Interpolated (Month),9224,2,0,1
2022,2,Europe,Cybertruck,15018.0,15865.0,115982.68,120,709,1597.16,Estimated (Region),10052,1,0,0
2020,4,Asia,Cybertruck,4118.0,4453.0,55091.54,100,589,363.83,Official (Quarter),5613,0,0,2
2018,9,Asia,Model X,14872.0,15681.0,111549.57,60,351,783.01,Interpolated (Month),4351,0,3,1
2025,2,North America,Model 3,8589.0,8812.0,53808.71,75,437,563.01,Interpolated (Month),13044,3,1,1
2018,4,North America,Model S,5799.0,6342.0,102295.48,60,336,292.27,Interpolated (Month),3719,3,2,1
2015,8,Middle East,Cybertruck,9782.0,9801.0,96447.62,100,558,818.75,Interpolated (Month),14532,2,0,1
2019,12,Middle East,Cybertruck,4442.0,4537.0,77260.43,82,490,326.49,Estimated (Region),6836,2,0,0
2020,5,North America,Model Y,8958.0,10212.0,74121.76,100,558,749.78,Estimated (Region),9757,3,4,0
2015,4,North America,Model 3,14129.0,14159.0,58125.08,120,662,1403.01,Official (Quarter),3488,3,1,2
2018,7,Europe,Cybertruck,4510.0,4736.0,101160.92,120,685,463.4,Interpolated (Month),9940,1,0,1
2025,6,Europe,Model Y,6182.0,6357.0,114855.04,75,413,382.97,Official (Quarter),8550,1,4,2
2025,8,Europe,Model X,13341.0,15209.0,65409.06,120,710,1420.82,Official (Quarter),11279,1,3,2
2019,5,North America,Model Y,12927.0,14435.0,110082.61,100,592,1147.92,Official (Quarter),7316,3,4,2
2025,2,Europe,Model S,10702.0,10988.0,76330.31,100,573,919.84,Interpolated (Month),8032,1,2,1
2021,4,North America,Model X,8093.0,8477.0,78010.87,75,418,507.43,Estimated (Region),9042,3,3,0
2025,5,North America,Model Y,12396.0,14163.0,93777.83,75,443,823.71,Interpolated (Month),10842,3,4,1
2019,6,Asia,Model S,10409.0,11766.0,112358.25,100,572,893.09,Interpolated (Month),8511,0,2,1
2015,3,Asia,Model Y,10327.0,10374.0,52614.37,75,443,686.23,Interpolated (Month),7322,0,4,1
2022,3,Europe,Model S,15412.0,15482.0,59226.73,75,445,1028.75,Interpolated (Month),12020,1,2,1
2017,2,Europe,Model S,815.0,908.0,79155.31,120,709,86.68,Estimated (Region),13204,1,2,0
2018,2,Asia,Model X,7081.0,8077.0,62682.83,60,348,369.63,Official (Quarter),5672,0,3,2
2021,5,Middle East,Model X,9058.0,10053.0,98011.34,82,485,658.97,Interpolated (Month),5999,2,3,1
2025,10,North America,Cybertruck,9273.0,9297.0,52349.14,82,470,653.75,Official (Quarter),6578,3,0,2
2021,6,Asia,Model 3,6712.0,7512.0,62687.52,82,480,483.26,Interpolated (Month),7619,0,1,1
2019,11,Middle East,Model Y,5021.0,5169.0,72317.21,82,475,357.75,Estimated (Region),5521,2,4,0
2025,12,Middle East,Model X,9319.0,10387.0,108790.17,100,564,788.39,Interpolated (Month),14172,2,3,1
2024,1,Asia,Model 3,13920.0,14976.0,77904.89,82,455,950.04,Interpolated (Month),8000,0,1,1
2018,3,Asia,Model 3,12088.0,13305.0,68945.08,82,454,823.19,Estimated (Region),14910,0,1,0
2025,4,Asia,Cybertruck,7653.0,8003.0,75204.58,120,685,786.35,Official (Quarter),4186,0,0,2
2020,8,Middle East,Model X,17066.0,18115.0,83739.64,82,453,1159.63,Interpolated (Month),6337,2,3,1
2024,11,North America,Cybertruck,6773.0,7002.0,82800.59,75,428,434.83,Interpolated (Month),6466,3,0,1
2019,7,Europe,Model S,3620.0,3891.0,113824.96,60,334,181.36,Interpolated (Month),10751,1,2,1
2020,7,Asia,Model S,10661.0,12155.0,108446.97,60,355,567.7,Interpolated (Month),6638,0,2,1
2023,4,Europe,Model Y,13656.0,14463.0,97395.74,75,430,880.81,Interpolated (Month),14925,1,4,1
2022,10,Middle East,Model X,14060.0,14177.0,90177.31,60,355,748.69,Interpolated (Month),8776,2,3,1
2020,9,Middle East,Model 3,8400.0,9527.0,118043.74,60,355,447.3,Interpolated (Month),4320,2,1,1
2020,6,North America,Model X,15404.0,15772.0,117761.55,100,595,1374.81,Official (Quarter),5003,3,3,2
2025,1,Asia,Cybertruck,10494.0,11614.0,54090.17,60,346,544.64,Official (Quarter),4016,0,0,2
2019,11,North America,Model Y,8322.0,8387.0,109677.99,60,335,418.18,Interpolated (Month),13492,3,4,1
2019,1,North America,Model Y,5590.0,6229.0,91420.19,75,419,351.33,Interpolated (Month),11000,3,4,1
2020,5,Europe,Model Y,7949.0,8894.0,113402.98,100,598,713.03,Estimated (Region),5787,1,4,0
2016,8,Middle East,Model Y,17493.0,19586.0,77717.93,60,357,936.75,Interpolated (Month),9396,2,4,1
2017,6,North America,Cybertruck,16693.0,18316.0,68718.14,120,660,1609.9825,Interpolated (Month),14580,3,0,1
2018,12,Europe,Model Y,14037.0,15053.0,65122.2,75,448,943.29,Estimated (Region),11581,1,4,0
2017,12,North America,Cybertruck,7076.0,7794.0,89604.71,60,357,378.92,Interpolated (Month),7647,3,0,1
2016,10,Asia,Model 3,15259.0,15497.0,76915.79,120,689,1577.02,Official (Quarter),10826,0,1,2
2016,3,Asia,Model X,10421.0,11529.0,57481.38,120,694,1084.83,Official (Quarter),6078,0,3,2
2015,8,Europe,Model S,6575.0,6912.0,107488.01,60,333,328.42,Estimated (Region),13157,1,2,0
2021,9,Europe,Model Y,7002.0,7731.0,80908.31,120,716,752.01,Official (Quarter),4699,1,4,2
2022,1,Middle East,Model X,10130.0,11031.0,61492.95,60,333,505.99,Official (Quarter),14760,2,3,2
2019,11,Europe,Model S,6502.0,6982.0,55735.69,100,559,545.19,Interpolated (Month),14325,1,2,1
2015,1,North America,Model X,8122.0,8343.0,62838.32,75,423,515.34,Official (Quarter),9297,3,3,2
2017,5,Middle East,Model 3,7856.0,8663.0,73271.93,120,663,781.28,Estimated (Region),7487,2,1,0
2023,10,Middle East,Cybertruck,5341.0,5892.0,119018.2,60,353,282.81,Estimated (Region),14303,2,0,0
2016,5,Middle East,Cybertruck,16246.0,17494.0,97615.94,75,414,1008.88,Official (Quarter),4017,2,0,2
2020,2,Asia,Model 3,16816.0,19209.0,68763.3,60,354,892.93,Estimated (Region),3664,0,1,0
2018,11,Europe,Model S,9505.0,10593.0,57607.78,60,359,511.84,Estimated (Region),7579,1,2,0
2016,2,Europe,Model S,8024.0,8225.0,61733.35,120,662,796.78,Official (Quarter),11836,1,2,2
2016,7,Middle East,Model 3,5320.0,5426.0,55642.11,100,586,467.63,Estimated (Region),8957,2,1,0
2016,2,Asia,Model 3,11385.0,11623.0,52098.15,75,424,724.09,Official (Quarter),11456,0,1,2
2017,11,Middle East,Model 3,11168.0,11952.0,82640.96,120,705,1181.02,Estimated (Region),4853,2,1,0
2022,7,Europe,Model X,11844.0,12021.0,75432.71,120,690,1225.85,Estimated (Region),3520,1,3,0
2016,1,North America,Cybertruck,5993.0,6503.0,98262.55,100,590,530.38,Estimated (Region),5401,3,0,0
2022,2,North America,Model S,856.0,966.0,115048.27,120,678,87.06,Interpolated (Month),13367,3,2,1
2016,12,Middle East,Model 3,9780.0,10993.0,103516.95,60,347,509.05,Estimated (Region),14472,2,1,0
2020,6,Middle East,Model 3,9771.0,10380.0,118449.76,100,560,820.76,Interpolated (Month),5584,2,1,1
2020,7,Asia,Model Y,9432.0,9920.0,93505.51,82,452,639.49,Interpolated (Month),5241,0,4,1
2021,12,Middle East,Model S,9961.0,10021.0,58603.78,75,420,627.54,Interpolated (Month),7823,2,2,1
2020,5,Middle East,Model Y,5615.0,5813.0,115275.28,120,711,598.84,Official (Quarter),11517,2,4,2
2021,3,Asia,Cybertruck,9755.0,10955.0,93017.87,82,485,709.68,Interpolated (Month),8928,0,0,1
2021,1,Europe,Cybertruck,12075.0,12415.0,93735.68,75,425,769.78,Official (Quarter),5534,1,0,2
2016,1,Asia,Model S,8718.0,9994.0,73582.71,75,419,547.93,Interpolated (Month),12476,0,2,1
2016,9,Asia,Model Y,8964.0,9897.0,85885.83,82,463,622.55,Interpolated (Month),5551,0,4,1
2025,5,Middle East,Model X,9105.0,10082.0,103337.88,100,563,768.92,Interpolated (Month),3542,2,3,1
2019,12,Asia,Model Y,1234.0,1256.0,109607.6,82,457,84.59,Official (Quarter),14697,0,4,2
2022,9,North America,Model S,14406.0,15616.0,67850.26,100,563,1216.59,Interpolated (Month),3471,3,2,1
2016,4,Asia,Model S,5630.0,6468.0,114890.07,60,346,292.2,Interpolated (Month),13104,0,2,1
2018,9,Asia,Model Y,14229.0,15099.0,112046.63,75,414,883.62,Official (Quarter),14536,0,4,2
2019,9,Asia,Model 3,6149.0,6221.0,73164.03,75,421,388.31,Interpolated (Month),14856,0,1,1
2025,8,Middle East,Cybertruck,9888.0,10918.0,50567.07,120,697,1033.79,Interpolated (Month),4124,2,0,1
2015,1,Middle East,Model S,13902.0,15423.0,94629.02,75,445,927.96,Official (Quarter),8666,2,2,2
2024,3,North America,Model Y,3180.0,3488.0,114219.81,120,700,333.9,Official (Quarter),12732,3,4,2
2018,1,North America,Model 3,17949.0,18875.0,101310.01,75,437,1176.56,Official (Quarter),14178,3,1,2
2025,9,Asia,Model Y,1662.0,1709.0,103129.05,75,415,103.46,Official (Quarter),9177,0,4,2
2019,2,North America,Model 3,11573.0,12572.0,58828.07,100,579,1005.12,Interpolated (Month),12196,3,1,1
2024,4,Europe,Cybertruck,3297.0,3398.0,78192.75,75,415,205.24,Estimated (Region),11344,1,0,0
2023,11,Asia,Model 3,5019.0,5386.0,115879.82,100,561,422.35,Estimated (Region),7675,0,1,0
2016,7,North America,Model Y,8508.0,9638.0,91513.1,60,341,435.18,Interpolated (Month),7951,3,4,1
2021,6,Asia,Model X,15411.0,17636.0,58865.91,120,685,1583.48,Estimated (Region),8771,0,3,0
2015,10,North America,Model X,12070.0,12219.0,92220.65,82,461,834.64,Official (Quarter),7671,3,3,2
2019,2,Europe,Model S,14215.0,15529.0,52823.37,82,464,989.36,Estimated (Region),8622,1,2,0
2021,6,Europe,Model X,12017.0,13245.0,54447.5,82,467,841.79,Official (Quarter),14565,1,3,2
2019,12,Asia,Cybertruck,10012.0,11485.0,56816.37,100,565,848.52,Interpolated (Month),10658,0,0,1
2025,8,Middle East,Model S,8857.0,10153.0,62777.21,120,681,904.74,Interpolated (Month),12034,2,2,1
2025,12,North America,Model Y,7865.0,8635.0,58491.33,100,558,658.3,Interpolated (Month),5966,3,4,1
2019,9,North America,Model 3,7842.0,8082.0,93876.18,75,425,499.93,Official (Quarter),14947,3,1,2
2015,10,Europe,Model X,9615.0,10665.0,84684.39,82,479,690.84,Official (Quarter),8217,1,3,2
2017,7,Middle East,Cybertruck,18353.0,20285.0,62018.57,60,345,949.77,Estimated (Region),7943,2,0,0
2020,3,Asia,Model 3,5487.0,6060.0,89208.12,60,341,280.66,Interpolated (Month),8042,0,1,1
2019,11,Middle East,Model S,13795.0,14310.0,76061.5,120,675,1396.74,Official (Quarter),8867,2,2,2
2021,9,Middle East,Model Y,9048.0,9299.0,95617.59,75,439,595.81,Interpolated (Month),11256,2,4,1
2017,7,Asia,Cybertruck,12222.0,12642.0,58228.59,82,457,837.82,Interpolated (Month),3023,0,0,1
2021,12,Europe,Cybertruck,15357.0,17137.0,73727.89,60,334,769.39,Interpolated (Month),13294,1,0,1
2019,2,Asia,Cybertruck,9198.0,10505.0,65314.02,60,339,467.72,Estimated (Region),12074,0,0,0
2018,11,Asia,Cybertruck,4416.0,4672.0,55640.66,60,334,221.24,Official (Quarter),6575,0,0,2
2016,7,Asia,Model 3,12523.0,13718.0,104995.61,120,667,1252.93,Estimated (Region),7918,0,1,0
2022,12,Europe,Model Y,8901.0,9137.0,51996.4,75,446,595.48,Estimated (Region),3098,1,4,0
2022,5,Europe,Model X,9529.0,10402.0,107420.51,100,570,814.73,Estimated (Region),5658,1,3,0
2017,6,Asia,Model Y,13304.0,14480.0,92930.42,120,698,1392.93,Official (Quarter),5904,0,4,2
2018,1,Europe,Model 3,6192.0,6352.0,89758.2,82,463,430.03,Official (Quarter),14259,1,1,2
2018,6,Europe,Model 3,7300.0,7781.0,95076.96,120,682,746.79,Official (Quarter),3654,1,1,2
2017,11,Europe,Model X,8800.0,9446.0,95132.17,100,561,740.52,Official (Quarter),9631,1,3,2
2024,2,Europe,Model S,12899.0,13977.0,90373.26,100,558,1079.65,Official (Quarter),7832,1,2,2
2015,7,Middle East,Model 3,10346.0,11237.0,108928.01,60,334,518.33,Official (Quarter),12543,2,1,2
2017,8,Europe,Model Y,9828.0,9926.0,111414.53,60,341,502.7,Interpolated (Month),9501,1,4,1
2016,5,Asia,Cybertruck,9308.0,9832.0,77613.34,100,572,798.63,Interpolated (Month),12420,0,0,1
2022,9,Europe,Cybertruck,10568.0,11116.0,62082.64,100,550,871.86,Interpolated (Month),8410,1,0,1
2023,5,Europe,Model X,13362.0,14234.0,78132.91,120,694,1390.98,Estimated (Region),10000,1,3,0
2019,8,Europe,Cybertruck,13326.0,15182.0,84772.04,82,485,969.47,Estimated (Region),8350,1,0,0
2022,2,Asia,Model 3,7392.0,7575.0,118439.9,120,666,738.46,Official (Quarter),14183,0,1,2
2023,4,Asia,Model 3,15354.0,16517.0,86767.53,100,598,1377.25,Estimated (Region),13937,0,1,0
2017,12,Asia,Model S,13504.0,15509.0,71831.56,82,464,939.88,Interpolated (Month),3947,0,2,1
2019,4,Middle East,Cybertruck,9166.0,9644.0,93416.44,82,473,650.33,Interpolated (Month),4507,2,0,1
2022,6,Asia,Model 3,12159.0,12521.0,85588.42,100,557,1015.88,Interpolated (Month),11051,0,1,1
2021,9,Europe,Cybertruck,11351.0,12445.0,76738.6,75,448,762.79,Interpolated (Month),6959,1,0,1
2025,4,North America,Model Y,12062.0,13191.0,66633.49,120,690,1248.42,Official (Quarter),14114,3,4,2
2019,8,Asia,Model X,8889.0,9950.0,91679.04,60,356,474.67,Estimated (Region),7931,0,3,0
2016,12,Europe,Model S,10571.0,11269.0,71163.33,82,461,730.98,Estimated (Region),5335,1,2,0
2020,2,North America,Model Y,8304.0,8784.0,114079.13,60,352,438.45,Interpolated (Month),9061,3,4,1
2021,4,Middle East,Model X,12967.0,13501.0,52295.99,120,685,1332.36,Estimated (Region),13741,2,3,0
2025,11,Asia,Model S,9181.0,9523.0,66418.09,120,671,924.07,Estimated (Region),9897,0,2,0
2023,7,Middle East,Cybertruck,4551.0,5027.0,85436.17,100,551,376.14,Interpolated (Month),14096,2,0,1
2019,8,North America,Cybertruck,13167.0,15140.0,64800.19,100,563,1111.95,Interpolated (Month),10954,3,0,1
2021,6,Europe,Model 3,8537.0,9533.0,92600.01,120,718,919.43,Official (Quarter),7483,1,1,2
2016,5,Middle East,Model Y,15206.0,15358.0,86288.56,120,669,1525.92,Estimated (Region),11849,2,4,0
2021,9,Middle East,Model S,13107.0,14700.0,59452.67,60,344,676.32,Estimated (Region),14262,2,2,0
2024,3,Middle East,Model S,11386.0,12208.0,78046.05,82,491,838.58,Official (Quarter),12853,2,2,2
2020,12,North America,Model X,935.0,1063.0,75780.68,60,341,47.83,Interpolated (Month),7602,3,3,1
2020,9,Middle East,Model Y,10233.0,10752.0,83140.45,75,435,667.7,Interpolated (Month),13425,2,4,1
2024,4,North America,Model X,13755.0,14856.0,65278.86,75,418,862.44,Interpolated (Month),5841,3,3,1
2018,5,Middle East,Model 3,11601.0,11864.0,83419.13,120,696,1211.14,Estimated (Region),9980,2,1,0
2019,6,Europe,Model X,13504.0,15384.0,94876.03,82,463,937.85,Estimated (Region),9303,1,3,0
2016,2,Asia,Cybertruck,10601.0,11391.0,93249.31,100,593,942.96,Official (Quarter),9847,0,0,2
2022,11,Middle East,Model 3,8164.0,9072.0,102969.34,60,350,428.61,Estimated (Region),5808,2,1,0
2018,8,Europe,Model S,15247.0,15861.0,63905.12,120,674,1541.47,Official (Quarter),6676,1,2,2
2015,6,North America,Model 3,12491.0,12919.0,97019.05,60,348,652.03,Estimated (Region),7297,3,1,0
2022,2,Middle East,Model Y,15256.0,16088.0,108329.2,60,343,784.92,Estimated (Region),11634,2,4,0
2015,6,Europe,Model X,12870.0,14534.0,116466.44,120,668,1289.57,Estimated (Region),14119,1,3,0
2024,12,Middle East,Cybertruck,12805.0,13581.0,97484.54,75,441,847.05,Official (Quarter),14903,2,0,2
2025,12,Europe,Model Y,5817.0,6426.0,81936.8,100,576,502.59,Estimated (Region),4756,1,4,0
2024,3,North America,Cybertruck,8819.0,10002.0,100057.39,100,581,768.58,Official (Quarter),10965,3,0,2
2023,12,Europe,Model X,6937.0,7210.0,67171.73,100,598,622.25,Estimated (Region),3098,1,3,0
2020,9,North America,Model X,18338.0,20455.0,57277.16,60,358,984.75,Official (Quarter),13682,3,3,2
2022,6,Europe,Model 3,2499.0,2699.0,111361.87,82,488,182.93,Estimated (Region),6191,1,1,0
2022,12,Asia,Model X,6375.0,7256.0,59853.93,82,460,439.87,Estimated (Region),9697,0,3,0
2023,7,Asia,Model Y,15153.0,15547.0,73861.36,82,467,1061.47,Estimated (Region),7184,0,4,0
2023,3,North America,Model S,9070.0,9500.0,97403.35,100,574,780.93,Estimated (Region),14739,3,2,0
2022,4,North America,Cybertruck,7487.0,8565.0,107432.29,120,711,798.49,Official (Quarter),5066,3,0,2
2017,12,Asia,Model X,12561.0,12677.0,56465.24,75,418,787.57,Interpolated (Month),10142,0,3,1
2015,4,Asia,Model X,15110.0,15882.0,115153.01,100,592,1341.77,Estimated (Region),8147,0,3,0
2023,5,Europe,Model Y,10263.0,10424.0,110080.39,60,339,521.87,Estimated (Region),14655,1,4,0
2025,8,North America,Model S,15156.0,15346.0,61250.09,82,481,1093.51,Interpolated (Month),8176,3,2,1
2017,1,North America,Model 3,4481.0,4486.0,119847.46,60,350,235.25,Official (Quarter),12941,3,1,2
2022,9,Middle East,Model X,4364.0,4537.0,98157.4,60,353,231.07,Estimated (Region),6681,2,3,0
2021,8,North America,Model Y,12327.0,12708.0,80886.08,82,453,837.62,Interpolated (Month),12903,3,4,1
2025,11,Europe,Model S,11138.0,11508.0,65394.72,82,489,816.97,Estimated (Region),14449,1,2,0
2019,11,Asia,Model 3,9433.0,9586.0,111315.31,100,589,833.41,Official (Quarter),5017,0,1,2
2023,12,Middle East,Model Y,5348.0,5655.0,111013.18,100,568,455.65,Estimated (Region),14419,2,4,0
2021,11,North America,Model S,14807.0,14852.0,92314.23,82,462,1026.13,Interpolated (Month),13348,3,2,1
2021,8,Middle East,Model Y,13069.0,14212.0,87686.89,82,469,919.4,Official (Quarter),5511,2,4,2
2016,9,Europe,Model S,20337.625,20930.0,110072.39,100,590,1609.9825,Estimated (Region),9489,1,2,0
2018,2,Middle East,Model X,7551.0,7813.0,110788.67,82,488,552.73,Interpolated (Month),8035,2,3,1
2025,4,Middle East,Model S,6995.0,7039.0,97176.11,75,432,453.28,Interpolated (Month),8329,2,2,1
2023,11,Middle East,Model 3,10831.0,11502.0,79651.01,120,702,1140.5,Estimated (Region),14313,2,1,0
2021,1,Middle East,Model 3,2137.0,2277.0,68388.53,120,669,214.45,Official (Quarter),11269,2,1,2
2023,3,Asia,Model X,6987.0,7810.0,76386.5,82,455,476.86,Interpolated (Month),10605,0,3,1
2023,10,North America,Model S,10819.0,11416.0,99911.97,75,414,671.86,Interpolated (Month),7636,3,2,1
2018,2,North America,Model Y,11286.0,12786.0,115401.29,82,488,826.14,Estimated (Region),10624,3,4,0
2018,5,Europe,Model 3,14415.0,14504.0,84869.1,120,701,1515.74,Interpolated (Month),6027,1,1,1
2025,3,North America,Model X,4027.0,4228.0,117189.04,82,472,285.11,Official (Quarter),7808,3,3,2
2024,4,Middle East,Model 3,14574.0,16184.0,65092.63,75,427,933.46,Official (Quarter),9094,2,1,2
2025,1,Middle East,Cybertruck,4241.0,4551.0,63059.47,100,594,377.87,Official (Quarter),5982,2,0,2
2025,6,Europe,Model 3,10014.0,10848.0,107745.69,100,575,863.71,Estimated (Region),13997,1,1,0
2021,7,North America,Model 3,13236.0,13581.0,103253.15,120,660,1310.36,Estimated (Region),9693,3,1,0
2015,8,Europe,Model Y,6904.0,7092.0,113591.54,75,434,449.45,Estimated (Region),7810,1,4,0
2020,9,Asia,Model S,19989.0,21667.0,84048.35,60,345,1034.43,Official (Quarter),5116,0,2,2
2021,9,North America,Model S,11461.0,12063.0,81652.81,100,556,955.85,Interpolated (Month),3575,3,2,1
2021,9,North America,Model 3,9843.0,10987.0,89947.82,75,441,651.11,Estimated (Region),4798,3,1,0
2017,11,Asia,Model X,5590.0,5772.0,111185.02,60,337,282.57,Interpolated (Month),6158,0,3,1
2018,5,Middle East,Model Y,12023.0,12399.0,54099.57,75,433,780.89,Estimated (Region),10142,2,4,0
2025,2,Asia,Model 3,17456.0,19595.0,107746.29,120,674,1609.9825,Interpolated (Month),6883,0,1,1
2021,9,Europe,Model 3,6586.0,7232.0,79135.19,82,458,452.46,Official (Quarter),11269,1,1,2
2022,12,Asia,Model 3,14684.0,16136.0,74135.09,75,446,982.36,Interpolated (Month),6498,0,1,1
2017,12,North America,Model 3,20337.625,21930.125,61247.57,120,661,1609.9825,Official (Quarter),8388,3,1,2
2024,9,Middle East,Model Y,4620.0,5094.0,65088.03,82,468,324.32,Official (Quarter),5258,2,4,2
2018,11,North America,Model 3,10848.0,11734.0,61191.58,82,479,779.43,Estimated (Region),5010,3,1,0
2018,10,Europe,Model S,10672.0,11272.0,93493.14,120,703,1125.36,Official (Quarter),4327,1,2,2
2016,11,Asia,Cybertruck,14130.0,14923.0,61680.21,82,468,991.93,Estimated (Region),4711,0,0,0
2021,11,Asia,Model X,11543.0,12126.0,90984.02,75,424,734.13,Estimated (Region),4043,0,3,0
2023,7,North America,Model X,9697.0,10023.0,63662.22,82,457,664.73,Interpolated (Month),12325,3,3,1
2020,9,Europe,Model Y,10029.0,10380.0,78669.26,60,353,531.04,Official (Quarter),12254,1,4,2
2015,9,Europe,Model X,15086.0,15130.0,57287.6,100,589,1332.85,Official (Quarter),5142,1,3,2
2018,1,Asia,Model S,14330.0,16094.0,83414.53,100,567,1218.77,Interpolated (Month),7350,0,2,1
2022,5,North America,Model S,10488.0,10878.0,71290.87,60,353,555.34,Estimated (Region),6926,3,2,0
2020,6,Asia,Model S,7893.0,8803.0,68591.13,120,706,835.87,Interpolated (Month),5470,0,2,1
2015,2,Europe,Model 3,2324.0,2423.0,52582.09,120,696,242.63,Interpolated (Month),9032,1,1,1
2024,9,North America,Model X,9727.0,10872.0,83984.71,60,340,496.08,Interpolated (Month),3988,3,3,1
2022,1,Asia,Cybertruck,13491.0,15256.0,65094.78,60,332,671.85,Interpolated (Month),8794,0,0,1
2019,2,Middle East,Model X,2439.0,2652.0,111904.04,100,557,203.78,Official (Quarter),10173,2,3,2
2019,11,Middle East,Model 3,10763.0,10853.0,59952.7,75,414,668.38,Interpolated (Month),10510,2,1,1
2019,5,North America,Model S,6061.0,6255.0,78780.1,60,351,319.11,Estimated (Region),5609,3,2,0
2022,7,Asia,Model 3,10399.0,10848.0,61221.63,82,473,737.81,Interpolated (Month),9387,0,1,1
2021,7,Europe,Model 3,10432.0,11531.0,105489.24,82,476,744.84,Official (Quarter),4831,1,1,2
2023,8,Middle East,Cybertruck,12771.0,14425.0,76006.37,120,672,1287.32,Estimated (Region),12301,2,0,0
2015,3,North America,Model 3,6717.0,6811.0,75740.11,82,461,464.48,Estimated (Region),5927,3,1,0
2021,2,Middle East,Model S,10922.0,11681.0,91960.14,82,458,750.34,Official (Quarter),11899,2,2,2
2024,9,Asia,Model Y,4461.0,4515.0,50800.29,60,342,228.85,Interpolated (Month),7924,0,4,1
2022,12,North America,Model S,4719.0,5062.0,108112.41,82,489,346.14,Official (Quarter),10611,3,2,2
2021,5,Asia,Model Y,9545.0,9727.0,62297.06,120,717,1026.56,Official (Quarter),11318,0,4,2
2021,12,Middle East,Model X,13859.0,15058.0,73958.59,60,332,690.18,Estimated (Region),14913,2,3,0
2017,7,Europe,Cybertruck,6698.0,7530.0,105250.5,82,463,465.18,Interpolated (Month),13965,1,0,1
2019,9,Asia,Model X,15884.0,17515.0,64845.69,100,561,1336.64,Official (Quarter),6375,0,3,2
2015,2,Europe,Model Y,9861.0,11318.0,66943.87,100,583,862.34,Official (Quarter),12139,1,4,2
2016,11,North America,Model 3,3663.0,4115.0,116854.24,60,354,194.51,Estimated (Region),3018,3,1,0
2021,4,Asia,Model S,7580.0,8514.0,103847.54,60,347,394.54,Interpolated (Month),7046,0,2,1
2022,6,Middle East,Model Y,7532.0,8069.0,53119.9,82,490,553.6,Official (Quarter),11592,2,4,2
2017,1,Asia,Model Y,8033.0,8698.0,86411.89,60,334,402.45,Official (Quarter),12304,0,4,2
2020,3,Middle East,Model Y,14639.0,15788.0,58172.35,100,556,1220.89,Estimated (Region),9442,2,4,0
2020,6,North America,Model 3,7771.0,8856.0,56230.68,100,575,670.25,Interpolated (Month),14022,3,1,1
2023,12,Europe,Cybertruck,11128.0,12108.0,72255.75,100,577,963.13,Official (Quarter),11768,1,0,2
2020,6,North America,Cybertruck,4677.0,5097.0,55021.47,120,673,472.14,Estimated (Region),14177,3,0,0
2015,12,Middle East,Model 3,12570.0,12817.0,52276.83,120,715,1348.13,Estimated (Region),10399,2,1,0
2017,4,Asia,Model 3,10795.0,12043.0,95825.55,82,457,740.0,Estimated (Region),13510,0,1,0
2017,3,North America,Model S,9296.0,9376.0,117045.29,75,447,623.3,Official (Quarter),12422,3,2,2
2022,9,Middle East,Model S,9215.0,10246.0,92322.89,75,438,605.43,Official (Quarter),3220,2,2,2
2020,2,Asia,Model X,6932.0,7903.0,103644.59,75,437,454.39,Official (Quarter),12886,0,3,2
2019,9,Middle East,Model Y,13821.0,15702.0,56119.18,75,447,926.7,Interpolated (Month),12906,2,4,1
2018,1,North America,Model S,4526.0,4637.0,58160.82,60,346,234.9,Estimated (Region),13828,3,2,0
2018,1,Middle East,Model S,11796.0,12081.0,95948.67,100,598,1058.1,Estimated (Region),9746,2,2,0
2024,9,Middle East,Model S,11173.0,11333.0,76804.15,60,358,599.99,Interpolated (Month),10074,2,2,1
2015,3,Middle East,Model Y,5198.0,5319.0,67517.0,82,473,368.8,Interpolated (Month),11575,2,4,1
2017,8,Asia,Model 3,8032.0,8297.0,74536.44,75,426,513.24,Official (Quarter),3824,0,1,2
2019,12,North America,Model 3,13871.0,15499.0,115623.68,60,350,728.23,Estimated (Region),4870,3,1,0
2022,8,Asia,Cybertruck,13977.0,14076.0,76982.93,75,418,876.36,Estimated (Region),11344,0,0,0
2017,6,Asia,Model X,9474.0,9841.0,80408.23,120,703,999.03,Estimated (Region),3108,0,3,0
2020,6,North America,Model Y,3949.0,4020.0,55978.59,82,488,289.07,Official (Quarter),5323,3,4,2
2020,10,Europe,Model X,8875.0,9062.0,93578.46,75,420,559.12,Official (Quarter),9048,1,3,2
2024,8,North America,Model Y,9497.0,10344.0,118175.84,75,424,604.01,Estimated (Region),14077,3,4,0
2018,11,Middle East,Cybertruck,10631.0,11842.0,73717.64,75,448,714.4,Interpolated (Month),11855,2,0,1
2025,4,North America,Model S,14646.0,15998.0,70463.07,82,468,1028.15,Interpolated (Month),11480,3,2,1
2020,3,Europe,Cybertruck,5479.0,6104.0,99911.0,60,340,279.43,Estimated (Region),3635,1,0,0
2018,10,North America,Cybertruck,11286.0,12014.0,58339.85,120,690,1168.1,Interpolated (Month),7185,3,0,1
2020,4,Middle East,Cybertruck,13035.0,14421.0,107662.11,120,711,1390.18,Interpolated (Month),7981,2,0,1
2023,10,Asia,Model X,7375.0,8187.0,57285.32,60,353,390.51,Official (Quarter),9387,0,3,2
2025,7,Asia,Cybertruck,2723.0,2943.0,63830.92,75,428,174.82,Official (Quarter),9020,0,0,2
2022,3,North America,Model S,8256.0,9464.0,67978.21,75,429,531.27,Interpolated (Month),3360,3,2,1
2025,2,Middle East,Cybertruck,6699.0,7150.0,69494.44,75,447,449.17,Official (Quarter),13608,2,0,2
2019,10,North America,Model X,12891.0,14178.0,107586.02,120,660,1276.21,Estimated (Region),9504,3,3,0
2023,9,Asia,Model X,11694.0,12628.0,59652.92,60,347,608.67,Official (Quarter),6777,0,3,2
2017,12,Europe,Model 3,7124.0,7492.0,52107.27,82,490,523.61,Interpolated (Month),11014,1,1,1
2019,4,North America,Model X,9977.0,10879.0,65908.27,60,346,517.81,Estimated (Region),11339,3,3,0
2018,2,Europe,Model S,16810.0,18654.0,107713.01,100,557,1404.48,Official (Quarter),12995,1,2,2
2025,10,Asia,Cybertruck,3031.0,3438.0,110309.5,100,558,253.69,Official (Quarter),3311,0,0,2
2021,8,Asia,Model S,8848.0,9157.0,81735.94,120,691,917.1,Estimated (Region),12163,0,2,0
2017,2,Asia,Model Y,9235.0,10569.0,86332.26,100,583,807.6,Interpolated (Month),6742,0,4,1
2015,5,North America,Model 3,10974.0,12136.0,55694.41,120,665,1094.66,Estimated (Region),14839,3,1,0
2025,9,Europe,Model Y,6670.0,7585.0,78298.39,75,427,427.21,Official (Quarter),6633,1,4,2
2020,6,Europe,Model Y,5248.0,5703.0,117058.55,75,431,339.28,Estimated (Region),3994,1,4,0
2018,10,Asia,Cybertruck,1697.0,1724.0,116738.2,60,331,84.26,Estimated (Region),6571,0,0,0
2020,11,North America,Cybertruck,14412.0,14627.0,92292.18,60,333,719.88,Estimated (Region),3944,3,0,0
2025,10,Middle East,Cybertruck,10175.0,11339.0,61799.84,75,436,665.44,Estimated (Region),4027,2,0,0
2025,8,Asia,Model Y,8949.0,10002.0,91731.4,82,487,653.72,Official (Quarter),5063,0,4,2
2015,8,Asia,Model S,19783.0,19836.0,111048.67,82,489,1451.08,Estimated (Region),9781,0,2,0
2018,3,Asia,Cybertruck,8510.0,9702.0,98236.14,75,443,565.49,Official (Quarter),9674,0,0,2
2016,5,Europe,Cybertruck,13737.0,14494.0,78989.08,100,591,1217.79,Estimated (Region),11803,1,0,0
2015,1,Europe,Model 3,7597.0,8376.0,80810.67,75,417,475.19,Interpolated (Month),8942,1,1,1
2018,12,North America,Model Y,12145.0,13533.0,106826.47,120,680,1238.79,Interpolated (Month),8204,3,4,1
2022,5,Middle East,Model X,13056.0,14295.0,118320.97,75,424,830.36,Official (Quarter),8531,2,3,2
2018,1,Asia,Cybertruck,10761.0,11619.0,52286.13,82,470,758.65,Estimated (Region),7892,0,0,0
2018,10,Europe,Cybertruck,9910.0,10710.0,119449.49,75,444,660.01,Estimated (Region),4168,1,0,0
2016,12,Europe,Model Y,121.0,139.0,111622.03,100,581,10.55,Official (Quarter),9832,1,4,2
2015,10,North America,Model 3,13930.0,14805.0,76819.7,120,691,1443.84,Estimated (Region),3563,3,1,0
2015,9,North America,Cybertruck,14984.0,15332.0,62734.97,60,355,797.9,Interpolated (Month),14353,3,0,1
2016,11,Asia,Model 3,6535.0,7194.0,69276.68,82,463,453.86,Interpolated (Month),12467,0,1,1
2017,1,Asia,Model S,10239.0,10788.0,95347.22,75,417,640.45,Official (Quarter),13663,0,2,2
2021,6,Middle East,Model X,8154.0,9222.0,77649.32,120,680,831.71,Interpolated (Month),5487,2,3,1
2019,10,North America,Model Y,10447.0,11167.0,84927.76,100,553,866.58,Interpolated (Month),11213,3,4,1
2020,6,Asia,Model 3,7905.0,8286.0,82584.09,100,597,707.89,Official (Quarter),14180,0,1,2
2025,1,Europe,Model S,7178.0,7255.0,56599.32,60,347,373.61,Official (Quarter),3619,1,2,2
2019,8,Asia,Model 3,13675.0,14416.0,87435.96,120,719,1474.85,Official (Quarter),8694,0,1,2
2025,6,Middle East,Model 3,8280.0,8700.0,70543.5,75,420,521.64,Interpolated (Month),6188,2,1,1
2023,7,Asia,Model S,7598.0,8691.0,85168.2,60,357,406.87,Estimated (Region),11481,0,2,0
2022,8,Middle East,Model X,9804.0,10357.0,97058.41,60,353,519.12,Estimated (Region),9369,2,3,0
2022,12,Asia,Model S,15242.0,15254.0,118941.01,120,712,1609.9825,Interpolated (Month),13741,0,2,1
2021,11,Europe,Model X,4265.0,4364.0,111629.53,75,428,273.81,Official (Quarter),7945,1,3,2
2025,12,Europe,Model X,4553.0,4640.0,85847.27,82,462,315.52,Interpolated (Month),4933,1,3,1
2023,7,Middle East,Model X,15532.0,17175.0,90413.92,120,713,1609.9825,Estimated (Region),11403,2,3,0
2025,3,Europe,Model 3,4322.0,4811.0,106262.64,60,346,224.31,Estimated (Region),8862,1,1,0
2025,5,North America,Model S,7732.0,8655.0,70175.23,120,671,778.23,Interpolated (Month),14687,3,2,1
2016,5,Europe,Model X,8790.0,9863.0,93065.36,100,565,744.95,Interpolated (Month),10486,1,3,1
2016,11,North America,Model X,8067.0,8378.0,54166.73,120,696,842.19,Interpolated (Month),11239,3,3,1
2023,4,North America,Model Y,12566.0,13881.0,55756.33,60,342,644.64,Interpolated (Month),9711,3,4,1
2021,5,Middle East,Cybertruck,17149.0,17698.0,57385.96,120,700,1609.9825,Estimated (Region),10928,2,0,0
2018,6,Asia,Model X,10582.0,11794.0,86638.1,82,460,730.16,Official (Quarter),10998,0,3,2
2024,11,Europe,Cybertruck,15338.0,17247.0,109717.8,120,673,1548.37,Interpolated (Month),3777,1,0,1
2022,5,Middle East,Model Y,11881.0,13384.0,103321.99,60,331,589.89,Estimated (Region),14981,2,4,0
2020,11,Asia,Cybertruck,12449.0,13177.0,79104.24,82,470,877.65,Estimated (Region),7412,0,0,0
2020,1,North America,Model 3,9057.0,9716.0,104453.66,60,341,463.27,Interpolated (Month),8317,3,1,1
2021,2,North America,Model X,20337.625,21930.125,117528.33,120,664,1609.9825,Interpolated (Month),3641,3,3,1
2015,5,Europe,Model 3,12077.0,13820.0,76240.94,75,423,766.29,Interpolated (Month),13423,1,1,1
2020,11,North America,Model Y,9047.0,9698.0,76124.52,75,430,583.53,Estimated (Region),9949,3,4,0
2025,9,Middle East,Model X,12995.0,14883.0,97050.41,75,418,814.79,Interpolated (Month),4598,2,3,1
2018,3,Middle East,Model X,7292.0,7429.0,118540.61,120,700,765.66,Official (Quarter),13162,2,3,2
2025,4,Europe,Model X,8951.0,10171.0,86288.53,100,553,742.49,Estimated (Region),4323,1,3,0
2015,3,Asia,Cybertruck,10257.0,11441.0,65107.47,100,581,893.9,Interpolated (Month),4024,0,0,1
2023,8,Asia,Model Y,14192.0,14464.0,71868.41,120,690,1468.87,Interpolated (Month),10065,0,4,1
2020,5,Europe,Model X,8980.0,10325.0,70079.27,100,564,759.71,Interpolated (Month),4916,1,3,1
2022,10,Middle East,Cybertruck,6826.0,7781.0,106421.16,120,701,717.75,Estimated (Region),3060,2,0,0
2022,5,North America,Model Y,2178.0,2274.0,69609.39,100,557,181.97,Interpolated (Month),6470,3,4,1
2020,3,Europe,Model S,8370.0,8464.0,67525.11,120,700,878.85,Estimated (Region),13659,1,2,0
2015,6,Asia,Model Y,6828.0,7039.0,75498.89,100,575,588.91,Interpolated (Month),11284,0,4,1
2025,4,Middle East,Model X,11783.0,12535.0,95130.18,82,458,809.49,Official (Quarter),9726,2,3,2
2019,2,Europe,Model X,8777.0,8804.0,52410.19,75,429,564.8,Interpolated (Month),12799,1,3,1
2017,2,North America,Model 3,9462.0,10474.0,96646.98,60,358,508.11,Interpolated (Month),12132,3,1,1
2022,4,Asia,Model X,11546.0,13120.0,115939.4,100,553,957.74,Interpolated (Month),7828,0,3,1
2019,3,Europe,Cybertruck,11227.0,12883.0,53512.27,100,554,932.96,Interpolated (Month),11645,1,0,1
2019,12,Middle East,Model Y,11307.0,12778.0,80248.14,75,448,759.83,Estimated (Region),8426,2,4,0
2020,10,Asia,Cybertruck,10428.0,11120.0,116424.14,82,461,721.1,Interpolated (Month),9385,0,0,1
2017,6,Europe,Cybertruck,4694.0,5104.0,67717.11,120,687,483.72,Official (Quarter),14490,1,0,2
2018,3,Europe,Model Y,4731.0,5359.0,112698.3,60,338,239.86,Estimated (Region),5759,1,4,0
2015,1,Middle East,Model X,7419.0,8000.0,79927.87,75,413,459.61,Official (Quarter),4294,2,3,2
2019,5,North America,Model X,7479.0,7555.0,72183.29,82,461,517.17,Interpolated (Month),9071,3,3,1
2021,1,Europe,Model X,8424.0,8688.0,50824.59,75,449,567.36,Official (Quarter),6372,1,3,2
2024,1,Europe,Model Y,14668.0,16401.0,67771.88,82,482,1060.5,Official (Quarter),11255,1,4,2
2016,3,Europe,Model S,8700.0,9196.0,77917.59,60,347,452.83,Official (Quarter),9403,1,2,2
2016,10,Europe,Model Y,10758.0,11593.0,80129.92,82,463,747.14,Estimated (Region),8215,1,4,0
2020,7,Europe,Model Y,11723.0,11829.0,78933.97,60,346,608.42,Estimated (Region),8232,1,4,0
2021,4,Asia,Cybertruck,9368.0,10703.0,54428.39,120,696,978.02,Official (Quarter),3685,0,0,2
2017,10,Europe,Cybertruck,12490.0,13026.0,106184.82,120,719,1347.05,Estimated (Region),3360,1,0,0
2015,2,Asia,Model 3,18761.0,18875.0,91362.51,82,478,1345.16,Estimated (Region),3199,0,1,0
2020,8,North America,Model 3,9209.0,10291.0,77636.51,120,698,964.18,Interpolated (Month),4807,3,1,1
2018,1,North America,Model X,11056.0,12145.0,112887.05,60,341,565.51,Official (Quarter),6921,3,3,2
2018,12,Asia,Model 3,10896.0,10897.0,52748.55,120,718,1173.5,Interpolated (Month),5908,0,1,1
2023,3,Europe,Model X,7063.0,7817.0,90597.34,100,554,586.94,Official (Quarter),11327,1,3,2
2015,11,Asia,Cybertruck,4482.0,4968.0,84711.3,82,454,305.22,Interpolated (Month),5642,0,0,1
2023,4,Middle East,Model S,16873.0,17509.0,98627.02,60,353,893.43,Estimated (Region),5937,2,2,0
2019,11,North America,Cybertruck,15281.0,16012.0,113413.82,120,667,1528.86,Interpolated (Month),5142,3,0,1
2016,5,Europe,Model 3,7546.0,8329.0,54360.43,60,345,390.51,Estimated (Region),14960,1,1,0
2017,5,North America,Model S,12601.0,13161.0,100009.69,82,482,911.05,Official (Quarter),4230,3,2,2
2020,10,North America,Model Y,8952.0,9919.0,81113.6,100,562,754.65,Official (Quarter),5284,3,4,2
2019,7,Europe,Model 3,7642.0,8425.0,91557.92,75,440,504.37,Interpolated (Month),6713,1,1,1
2023,7,North America,Model Y,16150.0,16704.0,86864.96,60,343,830.92,Official (Quarter),9955,3,4,2
2016,6,North America,Model 3,10738.0,11306.0,70757.49,75,425,684.55,Official (Quarter),12295,3,1,2
2015,8,Europe,Model X,6084.0,6741.0,94880.33,60,350,319.41,Official (Quarter),9512,1,3,2
2023,7,Asia,Model X,6290.0,7032.0,73725.54,82,484,456.65,Interpolated (Month),4568,0,3,1
2023,11,North America,Model 3,7159.0,8085.0,109798.74,120,661,709.81,Official (Quarter),10314,3,1,2
2019,8,Europe,Model X,8803.0,9254.0,118696.83,60,348,459.52,Estimated (Region),7993,1,3,0
2018,7,Europe,Model Y,7992.0,8483.0,118475.45,100,559,670.13,Official (Quarter),12589,1,4,2
2019,1,Europe,Model 3,17693.0,18854.0,69372.79,60,346,918.27,Interpolated (Month),7164,1,1,1
2019,6,Asia,Model X,14693.0,16626.0,67022.6,82,473,1042.47,Estimated (Region),5309,0,3,0
2025,12,Asia,Cybertruck,7317.0,7883.0,74218.07,100,583,639.87,Interpolated (Month),14412,0,0,1
2015,8,Middle East,Model S,14376.0,16107.0,50324.24,60,340,733.18,Interpolated (Month),7778,2,2,1
2023,12,Europe,Model S,11217.0,11469.0,56297.71,75,433,728.54,Official (Quarter),4365,1,2,2
2022,6,Asia,Model S,2823.0,2893.0,78502.16,120,673,284.98,Official (Quarter),9417,0,2,2
2019,3,North America,Model X,11553.0,12761.0,55825.61,75,444,769.43,Estimated (Region),8766,3,3,0
2023,7,Asia,Cybertruck,8704.0,9162.0,108606.8,82,453,591.44,Estimated (Region),14308,0,0,0
2024,3,Middle East,Model 3,16656.0,17329.0,57011.85,100,567,1416.59,Interpolated (Month),7835,2,1,1
2015,9,Middle East,Model 3,11231.0,12298.0,68052.14,82,456,768.2,Interpolated (Month),13019,2,1,1
2025,8,Europe,Model 3,9675.0,9787.0,117180.88,60,356,516.64,Official (Quarter),12056,1,1,2
2025,5,Europe,Model Y,7394.0,7616.0,104198.24,75,439,486.89,Interpolated (Month),10619,1,4,1
2020,1,North America,Model Y,4504.0,4957.0,68860.76,60,338,228.35,Interpolated (Month),14200,3,4,1
2022,8,North America,Model X,11368.0,12014.0,73819.25,60,348,593.41,Estimated (Region),13691,3,3,0
2025,5,North America,Model 3,13243.0,13961.0,92096.33,120,696,1382.57,Official (Quarter),9725,3,1,2
2021,6,Asia,Model Y,8133.0,8592.0,75423.24,82,453,552.64,Interpolated (Month),11226,0,4,1
2021,11,Europe,Model S,6372.0,7058.0,64961.57,120,671,641.34,Estimated (Region),7953,1,2,0
2023,4,Asia,Model Y,5775.0,6270.0,109710.95,60,354,306.65,Official (Quarter),4586,0,4,2
2018,8,Middle East,Model S,14327.0,16335.0,71236.99,82,483,1037.99,Official (Quarter),12190,2,2,2
2024,11,Asia,Model Y,18216.0,18726.0,95843.37,82,466,1273.3,Estimated (Region),14789,0,4,0
2018,11,Middle East,Model Y,4439.0,4549.0,114154.24,100,566,376.87,Official (Quarter),7464,2,4,2
2024,11,Middle East,Model S,10466.0,10713.0,86143.79,82,483,758.26,Estimated (Region),8191,2,2,0
2016,6,Europe,Model 3,7425.0,8516.0,92131.71,75,434,483.37,Official (Quarter),11976,1,1,2
2024,3,Europe,Model Y,14419.0,16473.0,106394.58,120,682,1475.06,Official (Quarter),12464,1,4,2
2025,11,Asia,Cybertruck,15194.0,16944.0,106209.44,82,487,1109.92,Estimated (Region),14252,0,0,0
2021,8,North America,Model X,11564.0,13051.0,84648.8,120,667,1156.98,Interpolated (Month),11354,3,3,1
2016,8,Europe,Model S,7883.0,8117.0,89573.12,82,470,555.75,Interpolated (Month),14664,1,2,1
2022,5,North America,Model X,11824.0,13043.0,94329.84,75,442,783.93,Estimated (Region),3537,3,3,0
2022,8,Europe,Model 3,8566.0,9022.0,105370.29,75,431,553.79,Estimated (Region),4534,1,1,0
2016,1,North America,Model Y,5366.0,5628.0,86239.82,60,332,267.23,Interpolated (Month),7207,3,4,1
2025,2,Asia,Model S,7214.0,7818.0,54063.24,75,438,473.96,Estimated (Region),3633,0,2,0
2018,11,Middle East,Model 3,8512.0,9694.0,61318.62,120,717,915.47,Interpolated (Month),5469,2,1,1
2024,6,Asia,Model X,16936.0,19459.0,59209.95,60,331,840.87,Estimated (Region),11332,0,3,0
2016,4,Asia,Model X,10534.0,11769.0,99612.13,82,452,714.21,Interpolated (Month),6637,0,3,1
2021,1,Middle East,Cybertruck,13269.0,13345.0,93502.51,60,353,702.59,Estimated (Region),9004,2,0,0
2025,9,Middle East,Model 3,10184.0,11005.0,104650.26,75,424,647.7,Interpolated (Month),8782,2,1,1
2025,3,Middle East,Model Y,13821.0,13859.0,102897.72,82,461,955.72,Official (Quarter),6720,2,4,2
2020,7,Asia,Model X,9091.0,10357.0,90581.6,100,583,795.01,Interpolated (Month),13938,0,3,1
2019,1,Europe,Model Y,1688.0,1921.0,50840.21,120,693,175.47,Official (Quarter),11887,1,4,2
2021,1,Asia,Cybertruck,19968.0,20943.0,118851.81,60,350,1048.32,Interpolated (Month),3526,0,0,1
2017,10,North America,Model S,17816.0,19626.0,76118.58,82,489,1306.8,Interpolated (Month),5008,3,2,1
2018,11,Middle East,Model S,12365.0,12531.0,113757.84,60,330,612.07,Official (Quarter),8806,2,2,2
2016,7,Asia,Model S,16053.0,18456.0,115317.93,100,582,1401.43,Official (Quarter),8054,0,2,2
2017,5,Europe,Model 3,5633.0,6297.0,101411.08,120,683,577.1,Estimated (Region),3302,1,1,0
2019,4,North America,Cybertruck,7556.0,7991.0,74287.13,120,685,776.38,Interpolated (Month),12381,3,0,1
2018,6,North America,Cybertruck,11743.0,12765.0,115515.61,82,478,841.97,Official (Quarter),8775,3,0,2
2019,2,North America,Model X,13847.0,15194.0,112947.42,75,435,903.52,Official (Quarter),4575,3,3,2
2025,12,Europe,Cybertruck,9164.0,9356.0,90839.08,120,719,988.34,Official (Quarter),4155,1,0,2
2022,2,Asia,Model S,6882.0,7233.0,83359.76,120,677,698.87,Interpolated (Month),9179,0,2,1
2024,6,Asia,Cybertruck,13475.0,15431.0,109301.02,100,565,1142.01,Interpolated (Month),5354,0,0,1
2023,6,North America,Cybertruck,6650.0,7220.0,112601.2,75,430,428.92,Estimated (Region),14341,3,0,0
2018,5,Asia,Model Y,10308.0,10558.0,96067.16,60,359,555.09,Official (Quarter),8420,0,4,2
2020,12,Asia,Model S,12576.0,13358.0,72885.95,60,348,656.47,Estimated (Region),14165,0,2,0
2018,3,Middle East,Model Y,14733.0,16046.0,92220.51,75,438,967.96,Interpolated (Month),9904,2,4,1
2020,7,North America,Model S,13904.0,14572.0,56546.41,100,571,1190.88,Estimated (Region),4545,3,2,0
2022,1,Asia,Model 3,8808.0,8820.0,59803.14,75,424,560.19,Estimated (Region),9943,0,1,0
2025,7,Europe,Cybertruck,10000.0,11022.0,73732.0,75,433,649.5,Estimated (Region),8368,1,0,0
2019,5,Asia,Model X,11616.0,11801.0,104311.41,120,708,1233.62,Official (Quarter),12213,0,3,2
2023,6,North America,Model X,10493.0,11366.0,101972.03,100,560,881.41,Official (Quarter),7419,3,3,2
2019,3,Asia,Model Y,11054.0,12525.0,112575.35,100,566,938.48,Official (Quarter),10380,0,4,2
2020,11,North America,Model 3,10557.0,10823.0,103232.52,100,599,948.55,Interpolated (Month),14349,3,1,1
2022,12,Europe,Model S,8057.0,8633.0,110599.07,120,661,798.85,Interpolated (Month),10726,1,2,1
2024,2,Middle East,Model S,12160.0,12876.0,109600.71,75,446,813.5,Official (Quarter),9076,2,2,2
2023,2,Middle East,Model 3,5370.0,6158.0,56204.31,60,357,287.56,Official (Quarter),8762,2,1,2
2015,7,Europe,Model 3,10194.0,10821.0,118766.5,60,333,509.19,Interpolated (Month),7774,1,1,1
2018,9,Europe,Model X,4968.0,5607.0,59218.08,82,479,356.95,Interpolated (Month),11903,1,3,1
2024,1,North America,Model X,7363.0,7632.0,101030.94,82,468,516.88,Official (Quarter),14776,3,3,2
2020,8,Europe,Model X,6007.0,6335.0,80270.6,100,581,523.51,Official (Quarter),3893,1,3,2
2019,3,Europe,Model X,9014.0,9238.0,73291.06,100,596,805.85,Estimated (Region),7116,1,3,0
2016,6,Middle East,Model S,12345.0,13438.0,85585.24,60,338,625.89,Official (Quarter),9780,2,2,2
2019,3,North America,Model Y,9620.0,9719.0,88480.21,100,570,822.51,Estimated (Region),13532,3,4,0
2021,3,North America,Model Y,13823.0,15781.0,84245.14,75,425,881.22,Official (Quarter),14090,3,4,2
2017,11,North America,Model X,11928.0,12489.0,87661.59,120,710,1270.33,Official (Quarter),14873,3,3,2
2018,6,Europe,Model X,8387.0,9141.0,113168.23,60,341,429.0,Estimated (Region),5595,1,3,0
2021,11,Middle East,Model Y,17733.0,20082.0,84700.19,120,678,1609.9825,Official (Quarter),12043,2,4,2
2019,2,North America,Cybertruck,5243.0,5387.0,102951.58,82,470,369.63,Interpolated (Month),5709,3,0,1
2020,2,Asia,Model Y,10272.0,11269.0,117826.11,82,480,739.58,Estimated (Region),14095,0,4,0
2024,5,Europe,Model 3,8204.0,8500.0,86088.29,100,578,711.29,Official (Quarter),5659,1,1,2
2015,8,North America,Model S,10073.0,10423.0,112970.22,120,683,1031.98,Interpolated (Month),9522,3,2,1
2015,11,Middle East,Model X,7876.0,8191.0,111504.1,82,483,570.62,Official (Quarter),10901,2,3,2
2024,1,Asia,Model S,9189.0,10346.0,91317.74,75,419,577.53,Estimated (Region),9973,0,2,0
2022,9,Europe,Model 3,14414.0,16505.0,80705.88,82,467,1009.7,Interpolated (Month),13158,1,1,1
2024,10,Europe,Model 3,4158.0,4663.0,104154.57,75,417,260.08,Official (Quarter),8565,1,1,2
2024,9,Europe,Cybertruck,11125.0,11190.0,75427.23,120,696,1161.45,Interpolated (Month),4431,1,0,1
2024,4,Middle East,Model Y,7310.0,7929.0,67408.43,120,685,751.1,Official (Quarter),10608,2,4,2
2015,2,North America,Model X,7191.0,7436.0,79897.55,75,443,477.84,Estimated (Region),13328,3,3,0
2017,12,Asia,Model 3,15890.0,16945.0,68273.4,60,340,810.39,Interpolated (Month),13014,0,1,1
2019,10,Middle East,Model X,6086.0,6530.0,73383.19,60,333,304.0,Estimated (Region),5866,2,3,0
2025,2,North America,Model Y,8758.0,9309.0,92929.83,75,441,579.34,Estimated (Region),9548,3,4,0
2018,8,Asia,Model 3,4082.0,4522.0,70105.48,82,487,298.19,Official (Quarter),3590,0,1,2
2021,10,Europe,Model 3,6769.0,7697.0,56372.54,60,349,354.36,Interpolated (Month),7958,1,1,1
2015,1,Asia,Model S,9537.0,10093.0,68994.43,82,484,692.39,Official (Quarter),7281,0,2,2
2023,2,North America,Model X,7483.0,8068.0,62046.99,75,423,474.8,Interpolated (Month),6857,3,3,1
2025,5,Asia,Model X,8555.0,8640.0,88627.98,82,455,583.88,Estimated (Region),3268,0,3,0
2022,11,Europe,Model Y,12567.0,12749.0,92448.68,100,572,1078.25,Interpolated (Month),14261,1,4,1
2020,6,Middle East,Model S,2904.0,3018.0,53664.3,120,673,293.16,Interpolated (Month),12622,2,2,1
2018,2,Asia,Cybertruck,8796.0,9795.0,112857.53,82,454,599.01,Official (Quarter),7717,0,0,2
2017,8,Europe,Model 3,14385.0,15358.0,62840.95,82,486,1048.67,Interpolated (Month),13590,1,1,1
2023,1,Europe,Model 3,10952.0,11106.0,102799.76,120,661,1085.89,Official (Quarter),5992,1,1,2
2022,2,North America,Model Y,7779.0,8531.0,109603.91,82,475,554.25,Official (Quarter),13238,3,4,2
2015,7,Europe,Cybertruck,6089.0,6791.0,63093.06,120,679,620.16,Official (Quarter),8105,1,0,2
2018,7,North America,Model Y,15545.0,16327.0,62395.76,100,554,1291.79,Estimated (Region),14480,3,4,0
2016,5,North America,Model Y,12118.0,12916.0,57396.53,100,582,1057.9,Estimated (Region),5592,3,4,0
2023,7,North America,Model S,6998.0,7183.0,94380.05,60,340,356.9,Official (Quarter),13228,3,2,2
2021,9,Asia,Model X,4985.0,5637.0,99343.78,75,415,310.32,Estimated (Region),10801,0,3,0
2020,5,North America,Cybertruck,14336.0,15361.0,119619.5,100,583,1253.68,Official (Quarter),3888,3,0,2
2025,11,Asia,Model X,9950.0,10033.0,118440.65,100,589,879.08,Interpolated (Month),8881,0,3,1
2015,1,Asia,Cybertruck,11325.0,11887.0,54449.08,60,339,575.88,Estimated (Region),6902,0,0,0
2018,12,Europe,Model X,6229.0,6403.0,102455.86,60,346,323.29,Estimated (Region),5448,1,3,0
2015,11,Middle East,Model S,7076.0,7801.0,55329.16,82,485,514.78,Interpolated (Month),8941,2,2,1
2022,7,Asia,Cybertruck,10705.0,10825.0,82247.95,100,594,953.82,Estimated (Region),4133,0,0,0
2023,10,Europe,Model 3,8195.0,8564.0,87177.66,75,427,524.89,Official (Quarter),6286,1,1,2
2019,12,North America,Model X,12529.0,12922.0,55076.56,82,479,900.21,Estimated (Region),7830,3,3,0
2024,8,Middle East,Model Y,14108.0,14384.0,103388.03,82,453,958.64,Interpolated (Month),3151,2,4,1
2022,4,North America,Model 3,12255.0,13007.0,88092.61,120,692,1272.07,Estimated (Region),8965,3,1,0
2018,8,North America,Cybertruck,8810.0,9800.0,113912.9,75,433,572.21,Estimated (Region),5169,3,0,0
2017,2,Middle East,Model 3,10407.0,10950.0,76021.75,82,451,704.03,Official (Quarter),6597,2,1,2
2021,6,Europe,Model S,7341.0,7660.0,94023.36,100,555,611.14,Interpolated (Month),10859,1,2,1
2017,6,Middle East,Model X,7136.0,8154.0,108694.43,82,484,518.07,Interpolated (Month),12875,2,3,1
2015,10,Middle East,Model S,14212.0,16049.0,109118.46,100,565,1204.47,Official (Quarter),12946,2,2,2
2020,4,Middle East,Model X,15453.0,16331.0,71193.73,82,469,1087.12,Estimated (Region),12815,2,3,0
2016,3,Europe,Model Y,10416.0,10510.0,115410.52,82,465,726.52,Interpolated (Month),4217,1,4,1
2018,12,Asia,Model S,17422.0,18081.0,81270.85,120,667,1609.9825,Official (Quarter),5471,0,2,2
2025,5,Europe,Model 3,7889.0,8089.0,57441.41,60,357,422.46,Interpolated (Month),14971,1,1,1
2023,6,Asia,Cybertruck,10630.0,12173.0,83452.35,120,703,1120.93,Official (Quarter),7448,0,0,2
2025,6,Middle East,Model X,16710.0,16947.0,74279.99,82,452,1132.94,Estimated (Region),5236,2,3,0
2019,9,North America,Model S,3820.0,4316.0,96848.78,120,686,393.08,Interpolated (Month),8854,3,2,1
2022,11,Asia,Model 3,8418.0,8979.0,119965.36,60,355,448.26,Estimated (Region),13721,0,1,0
2017,4,Europe,Cybertruck,16044.0,16841.0,109852.11,60,336,808.62,Official (Quarter),3853,1,0,2
2015,8,Middle East,Model 3,13292.0,13982.0,74286.72,120,704,1403.64,Interpolated (Month),8426,2,1,1
2016,9,Middle East,Cybertruck,10761.0,11978.0,106343.47,120,661,1066.95,Interpolated (Month),14553,2,0,1
2018,11,North America,Model X,10138.0,11349.0,101762.85,100,582,885.05,Interpolated (Month),4869,3,3,1
2022,8,Asia,Model 3,15457.0,17551.0,57306.0,100,599,1388.81,Estimated (Region),13322,0,1,0
2016,12,Middle East,Model X,11142.0,11477.0,57648.49,75,444,742.06,Estimated (Region),8269,2,3,0
2022,6,Asia,Model X,8196.0,8771.0,54961.02,120,695,854.43,Estimated (Region),6172,0,3,0
2022,8,Middle East,Cybertruck,11575.0,12476.0,89388.21,100,597,1036.54,Official (Quarter),5346,2,0,2
2021,5,North America,Model Y,7656.0,8483.0,98109.81,120,665,763.69,Estimated (Region),14070,3,4,0
2021,2,Asia,Model 3,9838.0,11170.0,59780.44,82,454,669.97,Estimated (Region),8094,0,1,0
2017,4,Asia,Model Y,11278.0,11278.0,79159.61,100,576,974.42,Official (Quarter),3655,0,4,2
2020,1,North America,Model X,4111.0,4435.0,106615.96,120,681,419.94,Interpolated (Month),9291,3,3,1
2016,8,Asia,Model S,11746.0,12560.0,78823.59,120,699,1231.57,Official (Quarter),9545,0,2,2
2017,5,Middle East,Model Y,8560.0,9524.0,57096.1,100,563,722.89,Estimated (Region),6315,2,4,0
2025,3,Europe,Model X,10895.0,11081.0,55876.62,100,566,924.99,Official (Quarter),6730,1,3,2
2022,8,Asia,Model Y,10678.0,11302.0,101912.21,60,341,546.18,Estimated (Region),6963,0,4,0
2024,12,Middle East,Model X,6862.0,7366.0,52020.05,60,331,340.7,Official (Quarter),9455,2,3,2
2021,10,Middle East,Cybertruck,11296.0,11690.0,116526.58,100,597,1011.56,Estimated (Region),4172,2,0,0
2018,6,North America,Model S,6735.0,7306.0,113561.3,120,683,690.0,Interpolated (Month),6555,3,2,1
2025,7,Europe,Model X,15335.0,16038.0,82171.09,60,335,770.58,Estimated (Region),10636,1,3,0
2019,3,Europe,Model 3,8810.0,9203.0,104603.37,120,688,909.19,Estimated (Region),5729,1,1,0
2020,3,Europe,Model Y,9263.0,9727.0,86528.16,100,579,804.49,Interpolated (Month),3101,1,4,1
2022,8,Europe,Model S,5485.0,5710.0,88332.84,75,417,343.09,Official (Quarter),4607,1,2,2
2017,10,North America,Cybertruck,16216.0,18254.0,106196.77,100,598,1454.58,Interpolated (Month),9431,3,0,1
2024,10,North America,Model X,6997.0,7194.0,85034.64,75,442,463.9,Interpolated (Month),4801,3,3,1
2015,8,North America,Model X,4085.0,4170.0,105581.76,60,348,213.24,Estimated (Region),9401,3,3,0
2025,1,Asia,Model Y,7834.0,8611.0,88530.13,75,417,490.02,Interpolated (Month),4352,0,4,1
2023,6,Middle East,Model S,10779.0,11077.0,81015.32,75,418,675.84,Interpolated (Month),14784,2,2,1
2016,10,North America,Model 3,14343.0,15856.0,87848.89,82,454,976.76,Official (Quarter),5902,3,1,2
2021,12,North America,Model S,4600.0,4845.0,69887.29,100,558,385.02,Official (Quarter),11919,3,2,2
2018,4,Middle East,Cybertruck,48.0,50.0,71402.08,75,427,3.07,Interpolated (Month),11070,2,0,1
2023,9,Middle East,Model S,15520.0,17556.0,114685.45,100,583,1357.22,Interpolated (Month),14175,2,2,1
2017,7,Middle East,Model S,6325.0,7006.0,101268.07,60,345,327.32,Estimated (Region),4936,2,2,0
2020,6,Middle East,Model Y,4600.0,5244.0,53392.5,82,459,316.71,Official (Quarter),9790,2,4,2
2016,3,Middle East,Model S,8282.0,8565.0,64843.14,100,580,720.53,Interpolated (Month),7932,2,2,1
2016,9,North America,Model 3,8385.0,8938.0,93070.86,100,554,696.79,Interpolated (Month),13588,3,1,1
2015,5,Europe,Model Y,10896.0,11016.0,88769.8,82,490,800.86,Official (Quarter),9277,1,4,2
2024,1,Europe,Model S,15476.0,16004.0,63954.51,100,571,1325.52,Interpolated (Month),12065,1,2,1
2025,10,Middle East,Model Y,11160.0,11647.0,105604.66,60,344,575.86,Estimated (Region),3477,2,4,0
2015,7,Asia,Model 3,10192.0,10427.0,83679.81,120,691,1056.4,Estimated (Region),3621,0,1,0
2022,4,Asia,Cybertruck,10731.0,11587.0,68646.43,100,594,956.13,Estimated (Region),14128,0,0,0
2022,4,North America,Model X,9951.0,10203.0,58829.51,75,447,667.21,Estimated (Region),10259,3,3,0
2022,10,North America,Model S,9010.0,9866.0,103262.4,120,719,971.73,Official (Quarter),5165,3,2,2
2020,11,North America,Model X,11180.0,12361.0,81769.26,100,577,967.63,Interpolated (Month),13195,3,3,1
2024,1,Asia,Cybertruck,8253.0,8377.0,97159.82,100,550,680.87,Interpolated (Month),8703,0,0,1
2024,7,Asia,Model Y,13962.0,15770.0,72613.05,75,429,898.45,Estimated (Region),7980,0,4,0
2019,12,Europe,Model Y,7926.0,8613.0,113793.93,60,346,411.36,Interpolated (Month),5093,1,4,1
2018,1,North America,Cybertruck,5479.0,5576.0,118639.78,120,672,552.28,Official (Quarter),3806,3,0,2
2020,6,Asia,Cybertruck,6915.0,7153.0,63970.01,100,551,571.52,Estimated (Region),10720,0,0,0
2023,3,Asia,Model S,9433.0,10123.0,114919.6,60,345,488.16,Official (Quarter),8851,0,2,2
2016,2,Europe,Cybertruck,10207.0,10691.0,85506.44,60,331,506.78,Official (Quarter),4780,1,0,2
2023,4,Europe,Model S,4669.0,4895.0,108706.0,82,455,318.66,Estimated (Region),13052,1,2,0
2024,2,Asia,Model S,4948.0,4979.0,91876.64,75,444,329.54,Estimated (Region),7578,0,2,0
2020,9,Asia,Model X,6195.0,6676.0,57882.65,60,358,332.67,Official (Quarter),5202,0,3,2
2025,3,Middle East,Model S,11610.0,12377.0,86361.69,120,697,1213.83,Official (Quarter),12608,2,2,2
2018,10,Middle East,Model X,6459.0,7254.0,88124.16,120,664,643.32,Interpolated (Month),14465,2,3,1
2022,7,Europe,Cybertruck,7998.0,9144.0,65031.46,82,472,566.26,Interpolated (Month),11832,1,0,1
2020,6,Middle East,Cybertruck,17072.0,18648.0,52769.03,60,342,875.79,Official (Quarter),10789,2,0,2
2025,9,North America,Model Y,6453.0,6570.0,115098.93,120,693,670.79,Estimated (Region),12556,3,4,0
2025,7,Asia,Model 3,10582.0,10871.0,71787.17,120,690,1095.24,Official (Quarter),13356,0,1,2
2017,6,Europe,Model X,6329.0,6475.0,116131.54,60,352,334.17,Estimated (Region),13595,1,3,0
2022,5,Middle East,Model 3,14152.0,15088.0,100153.34,75,426,904.31,Interpolated (Month),5535,2,1,1
2025,12,Asia,Model S,12747.0,12885.0,111312.0,75,432,826.01,Official (Quarter),7899,0,2,2
2016,7,Middle East,Model S,2926.0,3309.0,108935.35,120,671,294.5,Interpolated (Month),12631,2,2,1
2016,5,Asia,Model Y,12317.0,12498.0,84176.88,82,457,844.33,Interpolated (Month),6896,0,4,1
2023,4,Middle East,Model X,14231.0,15537.0,61658.19,75,432,922.17,Interpolated (Month),10081,2,3,1
2025,5,North America,Cybertruck,6900.0,7400.0,99130.37,75,421,435.73,Estimated (Region),3049,3,0,0
2021,9,North America,Cybertruck,11529.0,11639.0,110370.39,120,717,1239.94,Interpolated (Month),5960,3,0,1
2019,8,Middle East,Model Y,8185.0,9083.0,66311.33,120,708,869.25,Interpolated (Month),10061,2,4,1
2023,4,Asia,Cybertruck,7925.0,8275.0,53501.32,100,574,682.34,Interpolated (Month),7265,0,0,1
2021,1,North America,Model X,12743.0,13026.0,102241.97,120,660,1261.56,Interpolated (Month),5023,3,3,1
2022,3,Europe,Cybertruck,6899.0,7132.0,92851.11,60,342,353.92,Estimated (Region),3852,1,0,0
2018,10,Asia,Model S,6098.0,6104.0,78243.67,60,337,308.25,Estimated (Region),12826,0,2,0
2018,3,Middle East,Model 3,6190.0,6900.0,67711.84,60,355,329.62,Official (Quarter),4234,2,1,2
2023,8,Middle East,Model X,9332.0,10184.0,69243.58,100,585,818.88,Official (Quarter),10138,2,3,2
2016,5,Europe,Model Y,215.0,219.0,112062.3,60,343,11.06,Official (Quarter),5335,1,4,2
2024,4,North America,Model 3,14808.0,15555.0,60113.3,60,336,746.32,Official (Quarter),13865,3,1,2
2020,8,North America,Model X,9309.0,10327.0,51423.88,60,336,469.17,Official (Quarter),8844,3,3,2
2016,5,North America,Model S,15560.0,15968.0,85179.63,75,427,996.62,Interpolated (Month),4756,3,2,1
2021,9,Middle East,Cybertruck,11865.0,12433.0,67654.17,120,717,1276.08,Estimated (Region),14079,2,0,0
2021,12,Europe,Model S,11799.0,12206.0,72929.64,82,459,812.36,Official (Quarter),8902,1,2,2
2023,12,Asia,Model Y,10707.0,12224.0,104572.6,100,580,931.51,Official (Quarter),8459,0,4,2
2015,1,Asia,Model X,7292.0,7298.0,107082.3,120,702,767.85,Estimated (Region),11748,0,3,0
2018,9,Middle East,Model X,10157.0,10828.0,111594.02,60,345,525.62,Interpolated (Month),9093,2,3,1
2015,9,Asia,Model 3,8761.0,8999.0,90812.91,75,428,562.46,Estimated (Region),13712,0,1,0
2021,12,Asia,Model Y,7131.0,7266.0,83363.43,82,482,515.57,Official (Quarter),6099,0,4,2
2016,2,North America,Model S,12174.0,12987.0,86037.21,120,681,1243.57,Estimated (Region),10115,3,2,0
2024,9,Asia,Cybertruck,9927.0,10308.0,112386.06,82,471,701.34,Interpolated (Month),10190,0,0,1
2017,11,Europe,Cybertruck,5328.0,5502.0,62798.64,60,354,282.92,Estimated (Region),6428,1,0,0
2018,10,North America,Model 3,735.0,800.0,119701.41,82,468,51.6,Official (Quarter),14048,3,1,2
2025,1,North America,Model Y,6916.0,7192.0,92230.41,75,437,453.34,Official (Quarter),10860,3,4,2
2016,1,Middle East,Model Y,7497.0,8301.0,113632.28,75,419,471.19,Official (Quarter),5850,2,4,2
2018,7,North America,Cybertruck,16120.0,16882.0,77520.3,82,460,1112.28,Interpolated (Month),4163,3,0,1
2025,2,Middle East,Model 3,6578.0,6925.0,62147.58,60,341,336.46,Official (Quarter),8010,2,1,2
2015,7,Middle East,Model Y,11159.0,11759.0,111404.04,82,467,781.69,Estimated (Region),12799,2,4,0
2021,7,Asia,Model Y,15698.0,15861.0,91225.52,100,576,1356.31,Estimated (Region),11906,0,4,0
2016,4,Middle East,Cybertruck,6406.0,6533.0,110341.01,100,596,572.7,Interpolated (Month),8844,2,0,1
2017,9,Asia,Model Y,9023.0,9446.0,95803.94,120,673,910.87,Official (Quarter),3172,0,4,2
2024,3,Asia,Model X,3163.0,3193.0,53494.57,82,455,215.87,Interpolated (Month),3856,0,3,1
2023,6,North America,Model Y,4167.0,4394.0,117160.77,82,469,293.15,Interpolated (Month),12061,3,4,1
2017,4,Middle East,Model Y,7609.0,8283.0,96271.0,75,415,473.66,Estimated (Region),9533,2,4,0
2015,7,Middle East,Cybertruck,18301.0,19506.0,76386.11,75,429,1177.67,Estimated (Region),6616,2,0,0
2015,6,Asia,Model X,7878.0,8087.0,56209.18,75,417,492.77,Official (Quarter),8529,0,3,2
2017,3,Asia,Model 3,12354.0,13672.0,118680.06,75,433,802.39,Official (Quarter),6114,0,1,2
2015,12,North America,Cybertruck,9618.0,10530.0,115241.97,60,333,480.42,Official (Quarter),14246,3,0,2
2018,1,North America,Model Y,15089.0,15113.0,107858.58,82,483,1093.2,Official (Quarter),4253,3,4,2
2025,7,Middle East,Model 3,8450.0,8776.0,76700.88,100,567,718.67,Official (Quarter),7468,2,1,2
2024,6,North America,Model X,7107.0,7176.0,118241.08,100,584,622.57,Interpolated (Month),8009,3,3,1
2020,12,Asia,Model Y,11613.0,12256.0,85406.65,75,433,754.26,Estimated (Region),11743,0,4,0
2016,5,Europe,Model S,14875.0,15004.0,119640.64,82,453,1010.76,Official (Quarter),11340,1,2,2
2023,6,Middle East,Cybertruck,7500.0,8072.0,112147.27,120,701,788.62,Official (Quarter),7735,2,0,2
2020,7,North America,Model Y,9915.0,10757.0,103430.64,75,417,620.18,Interpolated (Month),5744,3,4,1
2023,11,Asia,Model S,12065.0,12297.0,68562.66,60,355,642.46,Interpolated (Month),6925,0,2,1
2021,1,Middle East,Model Y,13280.0,14706.0,96856.98,60,344,685.25,Estimated (Region),10707,2,4,0
2023,8,Europe,Model 3,9420.0,9572.0,85455.08,120,665,939.64,Interpolated (Month),14634,1,1,1
2024,11,Middle East,Cybertruck,11790.0,12054.0,90612.35,60,349,617.21,Interpolated (Month),11653,2,0,1
2017,12,Asia,Cybertruck,9252.0,10170.0,102582.4,60,352,488.51,Interpolated (Month),9934,0,0,1
2018,7,Europe,Model 3,13262.0,13406.0,69642.06,60,340,676.36,Interpolated (Month),12389,1,1,1
2015,10,Asia,Model Y,3356.0,3711.0,114767.38,100,559,281.4,Interpolated (Month),9815,0,4,1
2021,2,North America,Cybertruck,10720.0,11921.0,71819.23,82,463,744.5,Official (Quarter),13054,3,0,2
2017,5,Asia,Model Y,12468.0,14162.0,50850.97,100,583,1090.33,Official (Quarter),3622,0,4,2
2018,12,Europe,Model 3,16676.0,17802.0,102427.42,60,340,850.48,Interpolated (Month),10616,1,1,1
2017,2,North America,Model Y,10789.0,10866.0,75203.53,75,448,725.02,Official (Quarter),9004,3,4,2
2021,10,Europe,Cybertruck,12038.0,12914.0,87942.33,75,446,805.34,Official (Quarter),13798,1,0,2
2023,5,Middle East,Model 3,9772.0,10055.0,64586.86,82,478,700.65,Official (Quarter),13935,2,1,2
2023,5,North America,Cybertruck,4303.0,4516.0,56322.3,60,346,223.33,Official (Quarter),8748,3,0,2
2017,9,Europe,Model S,6206.0,6964.0,104461.77,75,441,410.53,Interpolated (Month),5252,1,2,1
2015,1,North America,Model Y,12170.0,12958.0,70386.04,120,696,1270.55,Official (Quarter),4673,3,4,2
2025,6,North America,Model 3,8352.0,8837.0,108918.42,82,459,575.04,Official (Quarter),11810,3,1,2
2022,4,Middle East,Model S,6662.0,7064.0,112321.18,75,426,425.7,Estimated (Region),11841,2,2,0
2016,12,Europe,Model X,8111.0,8817.0,59743.77,100,572,695.92,Official (Quarter),10514,1,3,2
2020,8,Europe,Model S,9894.0,11293.0,86416.13,82,478,709.4,Official (Quarter),12342,1,2,2
2015,1,Europe,Model S,4350.0,4736.0,53251.53,82,475,309.94,Interpolated (Month),5046,1,2,1
2020,3,Europe,Model 3,19103.0,19643.0,106347.68,75,448,1283.72,Interpolated (Month),6223,1,1,1
2018,10,Middle East,Cybertruck,8350.0,9313.0,115435.69,120,714,894.28,Official (Quarter),12835,2,0,2
2017,4,Europe,Model X,3743.0,4244.0,116251.96,82,487,273.43,Estimated (Region),8033,1,3,0
2015,12,Europe,Model Y,16262.0,17928.0,81213.19,75,422,1029.38,Official (Quarter),14965,1,4,2
2019,6,North America,Model Y,6143.0,6913.0,118210.75,75,449,413.73,Interpolated (Month),3783,3,4,1
2017,4,North America,Model X,2533.0,2832.0,67570.1,100,578,219.61,Estimated (Region),7302,3,3,0
2016,1,North America,Model X,9985.0,10910.0,99172.55,75,433,648.53,Official (Quarter),3117,3,3,2
2018,9,Middle East,Model Y,9274.0,10196.0,91675.65,100,570,792.93,Interpolated (Month),8066,2,4,1
2023,2,Middle East,Model X,2076.0,2270.0,108112.81,100,568,176.88,Official (Quarter),8165,2,3,2
2019,11,North America,Model S,12028.0,12708.0,68075.88,60,337,608.02,Interpolated (Month),8493,3,2,1
2023,7,Europe,Model S,9870.0,10098.0,95257.46,82,458,678.07,Interpolated (Month),12006,1,2,1
2024,2,Asia,Model Y,11792.0,12800.0,102953.44,82,455,804.8,Official (Quarter),13060,0,4,2
2025,11,North America,Model 3,10859.0,12067.0,84958.32,120,688,1120.65,Interpolated (Month),4320,3,1,1
2023,11,Asia,Model X,15680.0,17800.0,114083.11,100,588,1382.98,Official (Quarter),5739,0,3,2
2023,5,Middle East,Model Y,12274.0,13261.0,102631.34,75,417,767.74,Estimated (Region),7179,2,4,0
2018,7,North America,Model X,14614.0,15514.0,84275.09,75,428,938.22,Estimated (Region),3288,3,3,0
2020,9,Asia,Model Y,8632.0,8959.0,78464.56,60,341,441.53,Estimated (Region),12535,0,4,0
2024,4,Asia,Model X,6267.0,6555.0,83265.92,60,343,322.44,Interpolated (Month),11502,0,3,1
2023,4,Asia,Model S,9304.0,9655.0,75922.41,60,330,460.55,Interpolated (Month),9287,0,2,1
2021,5,Europe,Model 3,14405.0,15427.0,93240.88,60,343,741.14,Interpolated (Month),13729,1,1,1
2021,9,Europe,Model S,4751.0,5071.0,51549.41,75,436,310.72,Estimated (Region),7967,1,2,0
2025,3,Middle East,Model X,9205.0,9975.0,53963.05,82,457,631.0,Estimated (Region),6423,2,3,0
2016,2,Middle East,Model 3,12554.0,13295.0,95586.31,60,333,627.07,Interpolated (Month),10894,2,1,1
2017,10,North America,Model 3,7977.0,8575.0,98361.88,60,350,418.79,Interpolated (Month),10783,3,1,1
2024,11,Europe,Model S,8163.0,8373.0,103356.16,82,491,601.2,Interpolated (Month),12333,1,2,1
2024,5,North America,Model 3,7159.0,8080.0,97464.23,60,338,362.96,Estimated (Region),9739,3,1,0
2025,5,Asia,Model Y,10489.0,10758.0,89539.44,100,585,920.41,Official (Quarter),5429,0,4,2
2022,5,North America,Cybertruck,10895.0,11979.0,76677.04,60,351,573.62,Estimated (Region),7033,3,0,0
2023,8,North America,Model Y,18593.0,18952.0,109872.01,75,434,1210.4,Official (Quarter),13669,3,4,2
2016,4,Asia,Cybertruck,2655.0,2813.0,81304.18,120,696,277.18,Official (Quarter),9188,0,0,2
2021,2,Europe,Model 3,10739.0,11406.0,98267.39,100,567,913.35,Interpolated (Month),6327,1,1,1
2022,5,North America,Model 3,8324.0,8626.0,61834.04,100,588,734.18,Interpolated (Month),4556,3,1,1
2020,8,North America,Model Y,12554.0,14207.0,86907.86,120,715,1346.42,Interpolated (Month),8805,3,4,1
2020,6,Europe,Model S,1288.0,1463.0,104690.35,75,413,79.79,Interpolated (Month),6924,1,2,1
2017,11,Asia,Model 3,10882.0,11790.0,109158.46,100,589,961.42,Estimated (Region),5101,0,1,0
2021,6,North America,Model 3,14393.0,14572.0,63373.63,120,686,1481.04,Interpolated (Month),10017,3,1,1
2017,7,Asia,Model X,11469.0,12633.0,108653.59,100,592,1018.45,Estimated (Region),11980,0,3,0
2016,10,North America,Cybertruck,13801.0,15648.0,62973.11,82,454,939.85,Official (Quarter),5874,3,0,2
2021,7,Middle East,Model X,9834.0,9938.0,63255.26,120,706,1041.42,Official (Quarter),13097,2,3,2
2017,6,Asia,Cybertruck,7988.0,8226.0,111422.9,75,440,527.21,Estimated (Region),3164,0,0,0
2025,11,Middle East,Model S,11127.0,11803.0,89813.84,100,589,983.07,Estimated (Region),11365,2,2,0
2020,10,Asia,Model X,7925.0,8863.0,52184.95,100,598,710.87,Estimated (Region),9319,0,3,0
2024,11,Europe,Model 3,5924.0,6117.0,59568.66,60,346,307.46,Estimated (Region),10264,1,1,0
2017,8,North America,Model X,13433.0,13844.0,85546.35,60,342,689.11,Estimated (Region),3217,3,3,0
2023,5,Asia,Model Y,9314.0,10054.0,72521.59,82,454,634.28,Interpolated (Month),13747,0,4,1
2021,3,Asia,Model Y,8946.0,9460.0,110836.93,82,474,636.06,Interpolated (Month),8274,0,4,1
2022,7,Middle East,Model S,11804.0,13554.0,116434.86,82,454,803.85,Official (Quarter),14200,2,2,2
2015,12,Europe,Model X,7199.0,8250.0,117821.45,100,587,633.87,Official (Quarter),4561,1,3,2
2024,4,North America,Cybertruck,10275.0,10781.0,95744.23,60,338,520.94,Interpolated (Month),9848,3,0,1
2019,11,Europe,Cybertruck,12478.0,13181.0,102941.71,60,346,647.61,Official (Quarter),3929,1,0,2
2015,6,Europe,Model Y,3186.0,3405.0,118602.28,60,344,164.4,Official (Quarter),6945,1,4,2
2022,11,Middle East,Model X,5929.0,6452.0,89948.28,100,574,510.49,Estimated (Region),9599,2,3,0
2015,4,Europe,Model 3,10279.0,11728.0,90283.19,120,683,1053.08,Estimated (Region),10719,1,1,0
2020,11,Middle East,Model X,2824.0,2913.0,65927.37,120,676,286.35,Official (Quarter),4528,2,3,2
2025,2,Europe,Cybertruck,7305.0,7758.0,116669.45,82,484,530.34,Official (Quarter),8772,1,0,2
2015,2,North America,Cybertruck,8629.0,9849.0,72624.21,82,472,610.93,Interpolated (Month),11436,3,0,1
2020,2,Middle East,Model S,10184.0,11135.0,50703.29,60,335,511.75,Estimated (Region),8895,2,2,0
2025,2,North America,Model S,10862.0,11148.0,76032.72,60,330,537.67,Official (Quarter),4644,3,2,2
2015,8,North America,Cybertruck,13321.0,13388.0,89892.28,60,352,703.35,Interpolated (Month),13521,3,0,1
2017,3,Middle East,Model 3,15936.0,17128.0,50847.22,100,550,1314.72,Estimated (Region),7284,2,1,0
2018,5,Asia,Model 3,14920.0,15842.0,115431.09,75,421,942.2,Official (Quarter),4445,0,1,2
2023,1,Middle East,Model 3,2752.0,2957.0,82034.23,60,345,142.42,Interpolated (Month),4679,2,1,1
2021,3,Middle East,Model X,13830.0,14112.0,63768.2,82,453,939.75,Interpolated (Month),5377,2,3,1
2015,5,Europe,Model S,9360.0,9439.0,58317.25,120,667,936.47,Interpolated (Month),10790,1,2,1
2020,3,Asia,Cybertruck,8524.0,9379.0,78721.26,82,470,600.94,Estimated (Region),3589,0,0,0
2024,2,Europe,Model Y,9475.0,9859.0,119953.46,100,565,803.01,Official (Quarter),13613,1,4,2
2024,1,Europe,Model X,13567.0,15581.0,78481.53,75,412,838.44,Interpolated (Month),5037,1,3,1
2023,7,Europe,Model 3,15066.0,15174.0,78550.2,75,438,989.84,Estimated (Region),5722,1,1,0
2022,10,North America,Model 3,11332.0,12634.0,73716.08,82,458,778.51,Estimated (Region),8056,3,1,0
2017,1,North America,Cybertruck,9893.0,10008.0,78528.01,120,684,1015.02,Official (Quarter),3792,3,0,2
2021,11,Asia,Cybertruck,19764.0,21930.125,91262.96,60,344,1019.82,Estimated (Region),9880,0,0,0
2024,10,Middle East,Model S,14285.0,15878.0,86964.09,100,570,1221.37,Official (Quarter),6225,2,2,2
2025,7,North America,Model X,4649.0,5037.0,116982.19,75,445,310.32,Estimated (Region),7854,3,3,0
2018,1,Middle East,Model Y,14636.0,16424.0,92828.17,60,341,748.63,Official (Quarter),6064,2,4,2
2024,6,Middle East,Model S,10092.0,10921.0,81711.03,75,445,673.64,Official (Quarter),4200,2,2,2
2024,8,Middle East,Model S,8703.0,9620.0,92983.05,120,690,900.76,Interpolated (Month),8205,2,2,1
2025,11,North America,Model S,9599.0,9925.0,59039.55,60,358,515.47,Official (Quarter),11542,3,2,2
2023,2,Europe,Model S,8847.0,10049.0,104884.32,120,697,924.95,Estimated (Region),6780,1,2,0
2022,5,Asia,Cybertruck,11224.0,12261.0,80010.76,82,458,771.09,Estimated (Region),14307,0,0,0
2016,7,North America,Model X,12889.0,14815.0,75781.67,120,686,1326.28,Estimated (Region),11664,3,3,0
2018,2,Europe,Cybertruck,13038.0,14926.0,77660.87,120,703,1374.86,Official (Quarter),7149,1,0,2
2023,4,Europe,Model X,18742.0,20023.0,74109.96,100,584,1609.9825,Estimated (Region),12114,1,3,0
2021,11,Europe,Model 3,11766.0,12421.0,81423.82,60,346,610.66,Official (Quarter),5442,1,1,2
2019,4,Europe,Model 3,7640.0,7897.0,85315.2,60,337,386.2,Official (Quarter),3109,1,1,2
2019,4,Asia,Model S,13990.0,14502.0,117671.4,82,490,1028.26,Estimated (Region),5971,0,2,0
2018,9,North America,Model X,11034.0,11534.0,110108.87,120,711,1176.78,Estimated (Region),12175,3,3,0
2020,7,Middle East,Model S,12506.0,12958.0,64576.23,100,562,1054.26,Official (Quarter),12670,2,2,2
2024,2,North America,Model 3,7238.0,7918.0,73545.81,75,437,474.45,Interpolated (Month),3385,3,1,1
2025,7,Middle East,Cybertruck,15454.0,16515.0,89701.52,82,487,1128.91,Official (Quarter),14639,2,0,2
2017,10,Europe,Model S,13415.0,14397.0,78132.1,60,334,672.09,Official (Quarter),9871,1,2,2
2016,7,North America,Cybertruck,3897.0,4361.0,56509.34,82,475,277.66,Official (Quarter),8771,3,0,2
2024,9,Europe,Model S,8828.0,9269.0,119442.69,100,555,734.93,Interpolated (Month),3635,1,2,1
2020,2,Middle East,Cybertruck,9721.0,10412.0,50697.85,120,665,969.67,Estimated (Region),12691,2,0,0
2015,4,Middle East,Model X,12380.0,13628.0,102666.22,100,589,1093.77,Interpolated (Month),12475,2,3,1
2015,2,Europe,Model X,9893.0,9969.0,69505.25,82,488,724.17,Official (Quarter),5874,1,3,2
2016,12,Asia,Model Y,8627.0,9225.0,118669.12,60,344,445.15,Estimated (Region),13362,0,4,0
2017,3,Europe,Model S,5939.0,6357.0,112309.88,75,439,391.08,Official (Quarter),3746,1,2,2
2018,1,Europe,Model S,19646.0,21398.0,101720.67,82,452,1332.0,Interpolated (Month),10904,1,2,1
2015,3,Middle East,Model S,5689.0,5733.0,87194.82,60,346,295.26,Interpolated (Month),10649,2,2,1
2017,8,Middle East,Model Y,16799.0,19039.0,90516.47,82,476,1199.45,Interpolated (Month),4877,2,4,1
2016,4,North America,Model X,12275.0,12779.0,55559.36,100,554,1020.05,Official (Quarter),13730,3,3,2
2017,12,Middle East,Model Y,7884.0,8392.0,108166.44,60,333,393.81,Estimated (Region),11819,2,4,0
2024,7,Middle East,Model Y,5244.0,5383.0,111112.49,100,587,461.73,Official (Quarter),10912,2,4,2
2020,4,Middle East,Model 3,5132.0,5754.0,70629.1,75,433,333.32,Interpolated (Month),11944,2,1,1
2017,8,North America,Cybertruck,15856.0,16458.0,50698.51,100,586,1393.74,Official (Quarter),9427,3,0,2
2015,1,Europe,Model X,8833.0,8878.0,113652.43,82,461,610.8,Official (Quarter),10950,1,3,2
2020,5,North America,Model S,9483.0,9811.0,70383.75,75,441,627.3,Official (Quarter),3906,3,2,2
2018,5,North America,Model Y,9998.0,10662.0,93197.42,82,485,727.35,Estimated (Region),5354,3,4,0
2019,5,Europe,Cybertruck,7417.0,8061.0,112230.04,82,474,527.35,Official (Quarter),10580,1,0,2
2016,5,Middle East,Model 3,7577.0,7866.0,108861.01,60,331,376.2,Official (Quarter),13821,2,1,2
2021,8,Middle East,Model 3,6851.0,7836.0,100096.39,120,707,726.55,Estimated (Region),11449,2,1,0
2015,3,Europe,Model X,3940.0,4493.0,98722.09,75,433,255.9,Interpolated (Month),4166,1,3,1
2025,6,Asia,Model Y,7667.0,7939.0,98554.44,60,359,412.87,Interpolated (Month),14547,0,4,1
2015,6,Europe,Model 3,8922.0,9609.0,104855.71,75,427,571.45,Official (Quarter),10465,1,1,2
2016,6,Europe,Cybertruck,2134.0,2172.0,63822.93,120,713,228.23,Interpolated (Month),10749,1,0,1
2019,6,Middle East,Cybertruck,17397.0,17726.0,59089.99,60,350,913.34,Estimated (Region),13303,2,0,0
2015,12,Middle East,Model Y,7294.0,7513.0,84411.62,82,453,495.63,Interpolated (Month),9983,2,4,1
2015,11,Asia,Model Y,8449.0,9279.0,88560.02,120,665,842.79,Estimated (Region),7901,0,4,0
2019,10,North America,Cybertruck,16370.0,17561.0,60456.71,60,349,856.97,Estimated (Region),5068,3,0,0
2024,7,Europe,Model X,10126.0,10487.0,109576.43,60,346,525.54,Official (Quarter),5482,1,3,2
2023,3,North America,Cybertruck,11124.0,11921.0,65644.6,75,438,730.85,Estimated (Region),5289,3,0,0
2018,4,Asia,Model Y,8487.0,8618.0,78141.91,82,480,611.06,Estimated (Region),12357,0,4,0
2019,7,Middle East,Model 3,12003.0,13217.0,118596.88,100,599,1078.47,Interpolated (Month),11240,2,1,1
2022,8,Middle East,Model 3,8498.0,9114.0,85073.32,60,339,432.12,Official (Quarter),4585,2,1,2
2022,4,Asia,Model Y,15437.0,15491.0,73059.17,75,432,1000.32,Interpolated (Month),13929,0,4,1
2023,6,Europe,Model 3,10935.0,11562.0,115419.07,60,342,560.97,Interpolated (Month),9465,1,1,1
2023,2,North America,Model 3,9267.0,9582.0,115049.65,60,351,487.91,Interpolated (Month),12151,3,1,1
2024,10,Asia,Model 3,11301.0,11831.0,90191.34,120,690,1169.65,Official (Quarter),8874,0,1,2
2016,6,Europe,Model S,6972.0,7615.0,104224.36,120,698,729.97,Official (Quarter),9363,1,2,2
2017,3,North America,Model Y,7534.0,8187.0,60287.39,100,590,666.76,Official (Quarter),10631,3,4,2
2015,12,Asia,Model X,17386.0,18422.0,69195.06,120,719,1609.9825,Interpolated (Month),7912,0,3,1
2017,9,North America,Cybertruck,12388.0,12794.0,91671.23,60,337,626.21,Interpolated (Month),10943,3,0,1
2021,5,Middle East,Model 3,1691.0,1804.0,89946.52,100,571,144.83,Estimated (Region),7978,2,1,0
2024,7,Middle East,Model 3,9197.0,10062.0,89633.02,75,435,600.1,Interpolated (Month),9591,2,1,1
2020,12,Europe,Model Y,13191.0,14894.0,55483.68,120,664,1313.82,Estimated (Region),13203,1,4,0
2017,3,Asia,Model Y,4547.0,5087.0,113552.92,75,447,304.88,Official (Quarter),14521,0,4,2
2023,10,Europe,Model X,9476.0,9662.0,107341.52,82,491,697.91,Estimated (Region),6954,1,3,0
2024,7,Middle East,Model X,8381.0,8724.0,67115.52,60,334,419.89,Official (Quarter),13188,2,3,2
2017,7,North America,Model Y,16877.0,18964.0,70466.82,120,686,1609.9825,Interpolated (Month),3262,3,4,1
2021,3,Europe,Cybertruck,6327.0,7186.0,89676.43,75,425,403.35,Estimated (Region),7573,1,0,0
2025,8,Middle East,Model X,17242.0,17644.0,91715.91,82,461,1192.28,Estimated (Region),7006,2,3,0
2022,7,Asia,Model X,10868.0,11884.0,63231.21,60,344,560.79,Estimated (Region),11643,0,3,0
2020,12,Europe,Model 3,9295.0,9857.0,97506.21,82,468,652.51,Interpolated (Month),14537,1,1,1
2019,6,Asia,Cybertruck,2252.0,2436.0,56394.73,75,440,148.63,Official (Quarter),9989,0,0,2
2024,1,North America,Model Y,15314.0,16116.0,114520.92,75,447,1026.8,Official (Quarter),5902,3,4,2
2015,4,North America,Model S,18488.0,19651.0,67341.17,120,681,1609.9825,Interpolated (Month),12094,3,2,1
2017,10,Asia,Model 3,13281.0,13948.0,54691.16,75,449,894.48,Estimated (Region),12803,0,1,0
2015,5,Asia,Model X,1504.0,1635.0,55441.42,60,359,80.99,Official (Quarter),14834,0,3,2
2017,10,Europe,Model 3,11545.0,12554.0,91498.81,75,425,735.99,Estimated (Region),3623,1,1,0
2022,12,Middle East,Model Y,4337.0,4976.0,69189.53,75,420,273.23,Interpolated (Month),8305,2,4,1
2022,11,Europe,Model X,14662.0,14989.0,89086.91,120,715,1572.5,Estimated (Region),7697,1,3,0
2024,11,Middle East,Model X,9916.0,10880.0,78281.41,60,330,490.84,Interpolated (Month),10100,2,3,1
2016,3,North America,Model S,8809.0,9889.0,58414.63,60,346,457.19,Interpolated (Month),3069,3,2,1
2022,2,Middle East,Cybertruck,6205.0,6305.0,109228.34,82,481,447.69,Official (Quarter),5540,2,0,2
2025,6,Middle East,Model S,9097.0,9555.0,61884.39,60,347,473.5,Official (Quarter),8804,2,2,2
2016,6,Middle East,Cybertruck,6597.0,7206.0,63161.73,60,340,336.45,Interpolated (Month),12405,2,0,1
2023,2,Asia,Model 3,13110.0,13634.0,117688.95,75,418,822.0,Official (Quarter),12447,0,1,2
2021,6,North America,Model Y,9493.0,10550.0,103928.83,82,471,670.68,Official (Quarter),6662,3,4,2
2020,10,Middle East,Model X,6655.0,7595.0,86294.51,100,567,566.01,Estimated (Region),5808,2,3,0
2023,5,Asia,Model 3,9500.0,10397.0,109179.34,100,564,803.7,Estimated (Region),7251,0,1,0
2018,7,Europe,Model X,9807.0,11267.0,66846.94,120,712,1047.39,Official (Quarter),12967,1,3,2
2020,1,Europe,Model 3,9540.0,10207.0,53689.69,60,331,473.66,Official (Quarter),11606,1,1,2
2024,10,Europe,Model X,10751.0,12000.0,73613.07,100,581,936.95,Estimated (Region),3602,1,3,0
2018,3,North America,Model S,10165.0,10584.0,99660.72,120,676,1030.73,Interpolated (Month),13850,3,2,1
2015,6,Asia,Model S,11466.0,11778.0,74196.71,120,713,1226.29,Estimated (Region),8687,0,2,0
2024,8,Europe,Cybertruck,981.0,983.0,55435.35,100,569,83.73,Estimated (Region),4847,1,0,0
2022,5,Middle East,Model S,9075.0,10102.0,64561.72,60,340,462.82,Estimated (Region),12716,2,2,0
2015,3,North America,Model X,9691.0,10987.0,94179.7,82,483,702.11,Interpolated (Month),9031,3,3,1
2022,5,Asia,Model S,9853.0,11104.0,85361.6,75,440,650.3,Interpolated (Month),4667,0,2,1
2015,7,Europe,Model S,12251.0,12593.0,69956.66,82,458,841.64,Estimated (Region),13761,1,2,0
2015,11,North America,Cybertruck,9861.0,10429.0,97575.31,120,673,995.47,Estimated (Region),14399,3,0,0
2021,2,Asia,Model Y,12952.0,13122.0,94369.49,75,446,866.49,Estimated (Region),5503,0,4,0
2015,3,Asia,Model X,8058.0,8620.0,87985.12,120,677,818.29,Official (Quarter),10089,0,3,2
2022,6,Middle East,Model X,14086.0,14087.0,100066.58,82,458,967.71,Official (Quarter),4253,2,3,2
2017,4,Europe,Model S,6184.0,6988.0,69773.51,100,597,553.78,Official (Quarter),9979,1,2,2
2015,4,Europe,Model Y,11123.0,11241.0,72328.29,100,592,987.72,Official (Quarter),3279,1,4,2
2023,3,North America,Model 3,10042.0,11358.0,75134.95,75,414,623.61,Estimated (Region),13147,3,1,0
2022,10,Middle East,Model S,11776.0,12295.0,99717.03,60,333,588.21,Estimated (Region),7881,2,2,0
2023,10,Middle East,Model S,8179.0,9103.0,80751.23,75,440,539.81,Estimated (Region),5457,2,2,0
2025,12,North America,Model S,9880.0,11062.0,58904.29,120,683,1012.21,Interpolated (Month),6257,3,2,1
2023,9,Asia,Model S,11539.0,12682.0,93025.0,60,355,614.45,Official (Quarter),8763,0,2,2
2020,12,North America,Cybertruck,10150.0,10756.0,84801.71,100,583,887.62,Interpolated (Month),3153,3,0,1
2015,10,North America,Model Y,7097.0,7404.0,74897.09,100,585,622.76,Official (Quarter),6565,3,4,2
2015,7,Middle East,Model X,9377.0,9660.0,61455.92,82,457,642.79,Official (Quarter),12774,2,3,2
2018,9,Middle East,Cybertruck,9574.0,10701.0,63699.88,100,591,848.74,Interpolated (Month),10784,2,0,1
2018,4,Middle East,Model 3,1390.0,1516.0,77210.84,120,674,140.53,Official (Quarter),4139,2,1,2
2015,7,Asia,Model X,6558.0,6620.0,119297.22,100,566,556.77,Official (Quarter),12718,0,3,2
2015,5,North America,Model S,6711.0,6795.0,99067.84,100,553,556.68,Estimated (Region),12862,3,2,0
2021,8,Europe,Model 3,15900.0,17859.0,88814.24,120,670,1597.95,Estimated (Region),8613,1,1,0
2024,7,North America,Model Y,9194.0,10415.0,109332.8,120,672,926.76,Official (Quarter),10491,3,4,2
2018,2,Middle East,Model Y,2362.0,2372.0,90827.67,75,412,145.97,Interpolated (Month),12448,2,4,1
2017,4,North America,Model 3,9275.0,9821.0,102798.55,82,488,678.93,Estimated (Region),14411,3,1,0
2019,3,Middle East,Cybertruck,2562.0,2597.0,61301.34,60,358,137.58,Estimated (Region),9450,2,0,0
2025,2,Europe,Model 3,9545.0,10518.0,112809.79,75,417,597.04,Interpolated (Month),6004,1,1,1
2019,2,North America,Model Y,9051.0,9471.0,64125.65,100,595,807.8,Estimated (Region),12124,3,4,0
2024,11,North America,Model S,10629.0,11030.0,116842.28,60,344,548.46,Estimated (Region),6980,3,2,0
2015,9,Europe,Model S,1706.0,1801.0,68952.13,100,582,148.93,Estimated (Region),7904,1,2,0
2016,1,Europe,Model Y,15269.0,16304.0,95050.44,82,472,1081.05,Estimated (Region),11779,1,4,0
2020,7,Asia,Model 3,4471.0,4759.0,82949.42,100,557,373.55,Interpolated (Month),3372,0,1,1
2016,11,Europe,Model 3,9605.0,10521.0,113930.09,100,580,835.63,Estimated (Region),13484,1,1,0
2023,4,North America,Model S,7838.0,8024.0,63696.64,120,718,844.15,Official (Quarter),4837,3,2,2
2018,7,Middle East,Model Y,12748.0,13681.0,59322.75,75,422,806.95,Estimated (Region),8029,2,4,0
2020,8,Middle East,Model Y,11561.0,12051.0,82260.81,75,437,757.82,Estimated (Region),4946,2,4,0
2023,8,North America,Cybertruck,582.0,636.0,105551.38,60,338,29.51,Official (Quarter),9681,3,0,2
2022,10,Asia,Model Y,9878.0,10484.0,112678.89,75,418,619.35,Interpolated (Month),14946,0,4,1
2015,5,Middle East,Model X,8123.0,9304.0,108948.32,120,710,865.1,Interpolated (Month),8624,2,3,1
2023,5,North America,Model 3,2375.0,2638.0,99415.56,100,576,205.2,Estimated (Region),11146,3,1,0
2018,5,Europe,Model S,6070.0,6166.0,90991.14,120,692,630.07,Interpolated (Month),5804,1,2,1
2018,1,Middle East,Model X,10681.0,11741.0,55376.21,82,465,745.0,Official (Quarter),9607,2,3,2
2025,9,North America,Model X,15736.0,16269.0,95948.92,100,558,1317.1,Interpolated (Month),3671,3,3,1
2022,3,Europe,Model X,607.0,672.0,64315.3,75,425,38.7,Official (Quarter),8638,1,3,2
2023,12,Europe,Model Y,9107.0,10401.0,73961.51,60,343,468.56,Official (Quarter),11485,1,4,2
2015,6,North America,Model X,11329.0,12213.0,104062.29,82,472,802.09,Estimated (Region),13226,3,3,0
2016,10,Asia,Cybertruck,8282.0,9488.0,73194.29,100,574,713.08,Official (Quarter),5353,0,0,2
2015,4,Asia,Cybertruck,15221.0,15951.0,112686.63,60,341,778.55,Estimated (Region),3130,0,0,0
2017,5,Middle East,Model X,3170.0,3619.0,94921.41,82,478,227.29,Official (Quarter),10587,2,3,2
2023,1,Asia,Model Y,15992.0,16664.0,53718.44,82,483,1158.62,Estimated (Region),8004,0,4,0
2023,7,Middle East,Model S,10847.0,12451.0,56199.77,75,423,688.24,Interpolated (Month),7468,2,2,1
2023,10,North America,Model X,14430.0,16568.0,74245.45,75,434,939.39,Official (Quarter),14245,3,3,2
2020,2,Asia,Model S,4432.0,4459.0,74310.19,82,461,306.47,Estimated (Region),11233,0,2,0
2018,10,Middle East,Model Y,12344.0,12656.0,109776.0,82,451,835.07,Official (Quarter),9141,2,4,2
2020,7,Europe,Model 3,462.0,528.0,94947.72,100,564,39.09,Official (Quarter),4517,1,1,2
2025,3,Asia,Model S,8661.0,8711.0,109345.32,82,486,631.39,Interpolated (Month),10154,0,2,1
2025,1,Middle East,Model Y,11912.0,13561.0,102366.26,120,699,1248.97,Estimated (Region),9992,2,4,0
2024,11,Middle East,Model 3,11275.0,11994.0,92285.05,100,552,933.57,Official (Quarter),13106,2,1,2
2022,9,Europe,Model Y,15489.0,17302.0,65050.33,60,351,815.5,Official (Quarter),12600,1,4,2
2018,3,North America,Model X,11729.0,12123.0,65825.53,82,484,851.53,Official (Quarter),14164,3,3,2
2024,5,North America,Model S,6960.0,7990.0,71420.43,120,667,696.35,Estimated (Region),9546,3,2,0
2019,2,Europe,Cybertruck,10319.0,11482.0,115893.41,82,478,739.87,Interpolated (Month),7360,1,0,1
2016,8,Europe,Model Y,11715.0,11833.0,99548.46,100,577,1013.93,Interpolated (Month),3980,1,4,1
2015,12,Middle East,Model S,15775.0,17830.0,104361.78,82,482,1140.53,Interpolated (Month),13137,2,2,1
2024,7,Middle East,Model S,9001.0,9785.0,93791.27,100,552,745.28,Estimated (Region),5532,2,2,0
2023,4,North America,Cybertruck,9117.0,9938.0,72916.37,120,706,965.49,Official (Quarter),13085,3,0,2
2016,2,Europe,Model X,18306.0,18871.0,57834.37,120,676,1609.9825,Estimated (Region),3685,1,3,0
2020,7,Europe,Cybertruck,4897.0,5446.0,107954.75,100,588,431.92,Official (Quarter),3465,1,0,2
2022,12,Asia,Cybertruck,9301.0,10561.0,78689.34,82,472,658.51,Interpolated (Month),8725,0,0,1
2023,6,Middle East,Model X,6595.0,7144.0,70104.88,60,358,354.15,Interpolated (Month),12144,2,3,1
2015,6,Middle East,Model X,792.0,796.0,67670.59,75,439,52.15,Interpolated (Month),13742,2,3,1
2016,10,Middle East,Model X,6991.0,7968.0,77791.05,60,332,348.15,Official (Quarter),10404,2,3,2
2017,10,Asia,Model Y,7013.0,7295.0,57068.47,60,335,352.4,Estimated (Region),4767,0,4,0
2016,1,Europe,Cybertruck,10790.0,10922.0,54224.65,120,674,1090.87,Official (Quarter),4914,1,0,2
2024,5,Asia,Cybertruck,11299.0,12253.0,58400.19,75,432,732.18,Estimated (Region),7281,0,0,0
2021,7,Asia,Cybertruck,813.0,861.0,51851.28,82,464,56.58,Official (Quarter),14712,0,0,2
2025,12,Middle East,Model 3,11157.0,12278.0,50941.08,82,459,768.16,Interpolated (Month),11194,2,1,1
2015,5,Asia,Cybertruck,6406.0,7281.0,107577.61,75,448,430.48,Interpolated (Month),11708,0,0,1
2023,9,North America,Model Y,5457.0,5597.0,104008.25,75,420,343.79,Official (Quarter),3970,3,4,2
2015,2,Asia,Model Y,10274.0,11717.0,59626.47,75,425,654.97,Interpolated (Month),4361,0,4,1
2024,8,Europe,Model S,18033.0,18341.0,74337.02,60,352,952.14,Official (Quarter),10295,1,2,2
2024,6,North America,Model S,6762.0,7330.0,77857.01,75,437,443.25,Interpolated (Month),3667,3,2,1
2025,1,Middle East,Model 3,11830.0,12840.0,71424.14,100,560,993.72,Official (Quarter),6926,2,1,2
2016,11,Europe,Model Y,5425.0,5434.0,79542.4,60,338,275.05,Official (Quarter),8832,1,4,2
2021,2,Europe,Cybertruck,11280.0,11681.0,81309.11,120,664,1123.49,Official (Quarter),14449,1,0,2
2022,6,Middle East,Model S,16010.0,17048.0,108006.7,75,443,1063.86,Official (Quarter),5266,2,2,2
2017,12,Middle East,Model 3,6204.0,6578.0,111921.08,120,713,663.52,Estimated (Region),13910,2,1,0
2023,10,Europe,Model Y,15912.0,17626.0,77442.07,82,488,1164.76,Official (Quarter),9720,1,4,2
2024,8,North America,Model X,15634.0,17484.0,103199.8,60,340,797.33,Interpolated (Month),8446,3,3,1
2015,1,North America,Model S,11986.0,13302.0,91906.09,82,457,821.64,Estimated (Region),4871,3,2,0
2022,12,North America,Model 3,9044.0,9524.0,92232.79,100,565,766.48,Estimated (Region),13917,3,1,0
2016,11,Middle East,Model 3,15241.0,16019.0,55019.83,60,342,781.86,Estimated (Region),6734,2,1,0
2019,8,North America,Model 3,12337.0,13508.0,100473.83,60,337,623.64,Interpolated (Month),11632,3,1,1
2019,8,Europe,Model Y,7734.0,7815.0,53963.79,100,556,645.02,Interpolated (Month),9969,1,4,1
2019,11,Europe,Model Y,12351.0,13295.0,71004.7,120,669,1239.42,Interpolated (Month),6416,1,4,1
2015,5,North America,Model X,4207.0,4719.0,116307.4,75,449,283.34,Official (Quarter),12040,3,3,2
2021,3,North America,Model 3,7810.0,8201.0,51801.97,75,425,497.89,Interpolated (Month),12639,3,1,1
2023,11,Asia,Model Y,12368.0,12414.0,76864.18,82,456,845.97,Estimated (Region),11524,0,4,0
2017,10,Middle East,Model 3,8175.0,8433.0,106631.65,75,418,512.57,Official (Quarter),7111,2,1,2
2021,8,Europe,Model Y,18572.0,20884.0,53449.16,82,485,1351.11,Official (Quarter),9580,1,4,2
2024,5,Asia,Model X,11323.0,12990.0,54412.36,60,357,606.35,Interpolated (Month),12768,0,3,1
2019,5,Europe,Model 3,7617.0,8126.0,100891.3,120,701,800.93,Interpolated (Month),14848,1,1,1
2021,2,North America,Model S,4619.0,5064.0,98496.08,82,486,336.73,Official (Quarter),7108,3,2,2
2018,3,Asia,Model S,13913.0,14741.0,60942.19,75,440,918.26,Official (Quarter),7325,0,2,2
2022,11,Asia,Model Y,8693.0,9916.0,53772.88,75,412,537.23,Official (Quarter),10936,0,4,2
2021,12,Europe,Model Y,1560.0,1781.0,58845.91,120,718,168.01,Interpolated (Month),5767,1,4,1
2022,11,Europe,Model 3,13850.0,15576.0,52911.72,120,661,1373.23,Interpolated (Month),7476,1,1,1
2025,11,North America,Model X,3705.0,4248.0,105760.67,120,684,380.13,Interpolated (Month),4816,3,3,1
2023,5,North America,Model S,7465.0,8189.0,84588.8,120,697,780.47,Interpolated (Month),9530,3,2,1
2016,12,Middle East,Model S,15047.0,16200.0,84462.78,60,347,783.2,Estimated (Region),13386,2,2,0
2017,2,Middle East,Model X,16196.0,17766.0,118193.61,120,710,1609.9825,Official (Quarter),3283,2,3,2
2018,6,North America,Model X,12022.0,13515.0,55613.07,100,573,1033.29,Estimated (Region),10561,3,3,0
2023,6,Asia,Model 3,7959.0,8183.0,69969.46,82,470,561.11,Interpolated (Month),14452,0,1,1
2016,9,North America,Cybertruck,14749.0,16340.0,112318.06,75,415,918.13,Interpolated (Month),11777,3,0,1
2016,8,North America,Cybertruck,3749.0,4159.0,118690.8,120,675,379.59,Official (Quarter),10850,3,0,2
2024,5,Europe,Model Y,15642.0,17561.0,70333.71,75,425,997.18,Official (Quarter),14231,1,4,2
2021,10,Asia,Model Y,9281.0,9926.0,82922.68,100,593,825.54,Interpolated (Month),12153,0,4,1
2025,7,North America,Model S,8011.0,8218.0,92091.59,82,480,576.79,Interpolated (Month),6804,3,2,1
2017,11,Europe,Model Y,15907.0,16243.0,89961.42,75,419,999.75,Estimated (Region),6343,1,4,0
2020,3,North America,Model S,10598.0,11956.0,97822.29,75,414,658.14,Interpolated (Month),12394,3,2,1
2015,4,North America,Model X,11775.0,12612.0,56848.39,82,471,831.9,Interpolated (Month),8681,3,3,1
2018,7,Asia,Model X,6137.0,6259.0,61111.57,75,448,412.41,Estimated (Region),13555,0,3,0
2025,2,Europe,Model X,16396.0,17730.0,105930.73,100,551,1355.13,Official (Quarter),14808,1,3,2
2020,4,North America,Model X,8284.0,9287.0,98501.49,100,577,716.98,Estimated (Region),11394,3,3,0
2015,12,North America,Model Y,10185.0,11376.0,57488.64,75,441,673.74,Official (Quarter),9495,3,4,2
2016,7,Asia,Model Y,14354.0,15074.0,51833.77,60,330,710.52,Estimated (Region),12980,0,4,0
2022,8,North America,Cybertruck,3869.0,4285.0,101997.51,82,453,262.9,Official (Quarter),5653,3,0,2
2024,4,Asia,Cybertruck,7394.0,7735.0,118945.65,120,708,785.24,Interpolated (Month),4975,0,0,1
2025,7,Europe,Model Y,6151.0,6333.0,83574.24,100,594,548.05,Interpolated (Month),9796,1,4,1
2024,7,Europe,Cybertruck,15180.0,16081.0,118826.9,100,590,1343.43,Interpolated (Month),4919,1,0,1
2025,10,Middle East,Model X,8887.0,10011.0,85859.93,60,353,470.57,Official (Quarter),5152,2,3,2
2015,1,Europe,Cybertruck,2161.0,2465.0,112637.91,120,695,225.28,Estimated (Region),14062,1,0,0
2023,2,North America,Cybertruck,10316.0,11826.0,73184.97,100,555,858.81,Interpolated (Month),9844,3,0,1
2022,8,Middle East,Model Y,4748.0,4952.0,61332.69,100,562,400.26,Estimated (Region),5698,2,4,0
2017,12,Europe,Model Y,13476.0,15390.0,111939.86,60,352,711.53,Official (Quarter),6329,1,4,2
2016,1,Middle East,Model S,16295.0,18414.0,90507.28,100,571,1395.67,Interpolated (Month),11703,2,2,1
2021,9,Middle East,Model X,10573.0,11018.0,118056.08,75,418,662.93,Estimated (Region),11799,2,3,0
2016,8,Europe,Cybertruck,12772.0,13650.0,83928.74,120,669,1281.67,Estimated (Region),14348,1,0,0
2021,8,North America,Model 3,5906.0,5931.0,92357.11,60,341,302.09,Interpolated (Month),6584,3,1,1
2018,11,North America,Cybertruck,8468.0,8695.0,77455.25,120,716,909.46,Interpolated (Month),4694,3,0,1
2023,6,Middle East,Model 3,10752.0,11762.0,87665.57,82,478,770.92,Official (Quarter),4394,2,1,2
2023,10,Asia,Model Y,15077.0,15738.0,95904.41,75,436,986.04,Official (Quarter),5513,0,4,2
2020,2,North America,Cybertruck,9917.0,10003.0,68359.2,120,686,1020.46,Estimated (Region),4882,3,0,0
2023,2,Europe,Model 3,6474.0,7133.0,100756.72,100,598,580.72,Interpolated (Month),6124,1,1,1
2018,1,Middle East,Cybertruck,8654.0,8791.0,74842.84,100,570,739.92,Official (Quarter),11109,2,0,2
2015,3,North America,Model S,14634.0,16060.0,109445.64,60,349,766.09,Official (Quarter),9819,3,2,2
2018,8,Europe,Model Y,14958.0,14989.0,95456.52,100,583,1308.08,Official (Quarter),12583,1,4,2
2017,3,Middle East,Cybertruck,8191.0,8781.0,96370.38,82,455,559.04,Official (Quarter),6466,2,0,2
2024,3,Asia,Model 3,11335.0,11881.0,52624.16,82,488,829.72,Official (Quarter),4675,0,1,2
2020,9,Asia,Model 3,10184.0,11425.0,87923.22,60,333,508.69,Official (Quarter),12193,0,1,2
2019,10,Europe,Model S,10077.0,11395.0,92918.14,60,334,504.86,Interpolated (Month),14548,1,2,1
2019,4,Asia,Model 3,8852.0,9314.0,112688.9,75,448,594.85,Official (Quarter),8321,0,1,2
2016,7,Asia,Model X,8511.0,9241.0,91143.86,82,458,584.71,Interpolated (Month),7346,0,3,1
2017,10,Europe,Model X,9182.0,9225.0,79633.46,120,665,915.9,Interpolated (Month),10282,1,3,1
2016,6,Middle East,Model X,11524.0,11540.0,67267.52,82,480,829.73,Estimated (Region),14901,2,3,0
2019,1,Europe,Model X,6901.0,7866.0,114585.16,120,690,714.25,Interpolated (Month),6934,1,3,1
2020,8,Asia,Model Y,8893.0,9242.0,54689.38,75,413,550.92,Official (Quarter),5936,0,4,2
2019,4,Middle East,Model S,9594.0,10233.0,90358.15,60,359,516.64,Estimated (Region),5899,2,2,0
2016,12,Asia,Model S,20337.625,21279.0,117482.02,120,714,1609.9825,Official (Quarter),11665,0,2,2
2020,10,Middle East,Model 3,12790.0,13152.0,90144.42,100,560,1074.36,Interpolated (Month),13339,2,1,1
2024,8,Europe,Model Y,8042.0,8208.0,97137.41,82,475,572.99,Official (Quarter),6533,1,4,2
2021,6,Europe,Cybertruck,11325.0,12940.0,51554.2,120,678,1151.75,Estimated (Region),14052,1,0,0
2020,3,Middle East,Model 3,14117.0,15703.0,69062.08,120,667,1412.41,Official (Quarter),6023,2,1,2
2023,9,Asia,Cybertruck,5515.0,5939.0,97302.27,82,490,405.35,Official (Quarter),6044,0,0,2
2021,6,Middle East,Model S,8875.0,9724.0,70170.65,60,337,448.63,Official (Quarter),11766,2,2,2
2024,7,North America,Model 3,12960.0,13431.0,104157.55,60,345,670.68,Estimated (Region),14135,3,1,0
2020,3,Asia,Model S,6935.0,7126.0,90385.53,82,457,475.39,Interpolated (Month),7274,0,2,1
2022,1,Middle East,Cybertruck,7872.0,7975.0,112547.42,100,569,671.88,Interpolated (Month),6760,2,0,1
2020,3,Asia,Model X,9500.0,9611.0,111688.06,75,415,591.38,Official (Quarter),11481,0,3,2
2025,3,Asia,Model Y,10220.0,10814.0,92915.06,100,552,846.22,Official (Quarter),9077,0,4,2
2015,4,Middle East,Cybertruck,6410.0,6747.0,58194.69,82,456,438.44,Estimated (Region),12138,2,0,0
2019,11,Asia,Model X,499.0,545.0,116233.08,120,694,51.95,Official (Quarter),9482,0,3,2
2018,5,Asia,Cybertruck,5386.0,5479.0,111829.15,60,342,276.3,Estimated (Region),7647,0,0,0
2022,9,Asia,Model X,12131.0,13532.0,82362.99,60,351,638.7,Estimated (Region),11831,0,3,0
2024,8,Asia,Model Y,8752.0,8801.0,92387.05,75,430,564.5,Interpolated (Month),4269,0,4,1
2023,10,Europe,Model S,11280.0,12141.0,87264.34,120,676,1143.79,Interpolated (Month),13939,1,2,1
2015,7,Asia,Model Y,8461.0,8784.0,97705.19,100,588,746.26,Official (Quarter),10147,0,4,2
2019,10,North America,Model S,10325.0,10402.0,60493.65,100,576,892.08,Estimated (Region),9909,3,2,0
2018,11,Asia,Model Y,11974.0,12019.0,98303.28,100,565,1014.8,Estimated (Region),3668,0,4,0
2018,11,Europe,Model Y,9189.0,9621.0,94495.17,120,681,938.66,Official (Quarter),4782,1,4,2
2018,6,North America,Model Y,15956.0,17939.0,104842.87,75,422,1010.01,Estimated (Region),14290,3,4,0
2021,5,Asia,Model 3,10336.0,11854.0,68779.32,60,331,513.18,Official (Quarter),11460,0,1,2
2020,1,Asia,Cybertruck,15152.0,16661.0,73685.75,60,358,813.66,Interpolated (Month),13946,0,0,1
2017,2,North America,Cybertruck,4224.0,4356.0,75809.5,60,341,216.06,Interpolated (Month),3628,3,0,1
2025,11,Europe,Model Y,8475.0,9309.0,95766.33,75,416,528.84,Interpolated (Month),6826,1,4,1
2023,4,Middle East,Model 3,4093.0,4244.0,50630.4,100,561,344.43,Estimated (Region),4652,2,1,0
2023,2,Middle East,Model Y,2972.0,3384.0,108025.09,75,416,185.45,Interpolated (Month),4297,2,4,1
2020,10,North America,Cybertruck,8208.0,8804.0,74849.66,75,424,522.03,Estimated (Region),14566,3,0,0
2018,9,Asia,Cybertruck,14260.0,14838.0,67415.43,60,358,765.76,Official (Quarter),6579,0,0,2
2018,6,Europe,Model Y,7570.0,8501.0,107843.86,75,434,492.81,Interpolated (Month),7237,1,4,1
2025,9,Asia,Model 3,13486.0,13929.0,97497.75,75,434,877.94,Estimated (Region),9635,0,1,0
2022,1,North America,Model Y,12149.0,12201.0,98287.47,120,688,1253.78,Official (Quarter),4492,3,4,2
2024,6,Europe,Model 3,12547.0,14095.0,66165.83,60,332,624.84,Official (Quarter),14753,1,1,2
2024,5,Asia,Model 3,10084.0,10225.0,62086.02,82,451,682.18,Interpolated (Month),10123,0,1,1
2024,3,Asia,Model Y,11566.0,12885.0,83989.63,82,465,806.73,Official (Quarter),8020,0,4,2
2017,9,Asia,Model X,5933.0,5952.0,75229.88,82,483,429.85,Estimated (Region),9794,0,3,0
2015,9,Asia,Model X,7909.0,8216.0,76578.47,82,475,563.52,Official (Quarter),6216,0,3,2
2015,2,Middle East,Model Y,11172.0,11180.0,61256.56,100,577,966.94,Official (Quarter),11302,2,4,2
2025,7,North America,Model 3,6187.0,6687.0,98364.44,100,571,529.92,Official (Quarter),13248,3,1,2
2017,12,Asia,Model Y,9237.0,9445.0,117765.35,100,572,792.53,Interpolated (Month),9018,0,4,1
2015,5,Asia,Model S,13489.0,13580.0,69667.42,120,717,1450.74,Interpolated (Month),13683,0,2,1
2020,1,Europe,Model S,16543.0,17897.0,75159.67,75,415,1029.8,Estimated (Region),5320,1,2,0
2024,11,Europe,Model Y,5572.0,5749.0,76203.53,100,563,470.56,Official (Quarter),4059,1,4,2
2022,8,Europe,Model X,5100.0,5665.0,77782.16,75,422,322.83,Official (Quarter),7505,1,3,2
2019,10,Middle East,Model S,10077.0,10790.0,84321.87,82,485,733.1,Interpolated (Month),12983,2,2,1
2020,7,North America,Cybertruck,9320.0,9944.0,50496.76,82,484,676.63,Interpolated (Month),7317,3,0,1
2015,11,Middle East,Model 3,20107.0,21930.125,74346.64,120,700,1609.9825,Interpolated (Month),9788,2,1,1
2017,2,Asia,Model S,10163.0,10570.0,108483.62,82,451,687.53,Official (Quarter),7549,0,2,2
2022,1,North America,Model S,20337.625,21930.125,53441.1,82,474,1469.42,Interpolated (Month),13243,3,2,1
2017,1,Middle East,Cybertruck,13497.0,14260.0,117485.49,75,415,840.19,Official (Quarter),11244,2,0,2
2024,2,North America,Model Y,6847.0,7872.0,80315.33,120,702,720.99,Interpolated (Month),5191,3,4,1
2022,9,Middle East,Model 3,14126.0,14145.0,52308.39,82,485,1027.67,Estimated (Region),11208,2,1,0
2020,10,Europe,Model Y,2923.0,3338.0,108972.49,75,439,192.48,Estimated (Region),3935,1,4,0
2021,4,Middle East,Cybertruck,10226.0,10533.0,64770.47,82,479,734.74,Interpolated (Month),5636,2,0,1
2024,12,Middle East,Model Y,6349.0,7036.0,106746.6,120,684,651.41,Interpolated (Month),11957,2,4,1
2023,8,Middle East,Model 3,10874.0,12275.0,55370.92,60,333,543.16,Official (Quarter),8942,2,1,2
2021,6,North America,Model S,9313.0,10131.0,118325.48,120,691,965.29,Official (Quarter),13863,3,2,2
2020,1,Middle East,Model X,19577.0,21213.0,101984.52,60,338,992.55,Interpolated (Month),9779,2,3,1
2020,11,Middle East,Model 3,8660.0,8911.0,64726.05,75,413,536.49,Interpolated (Month),13760,2,1,1
2024,3,Middle East,Model Y,10989.0,12555.0,119912.5,82,466,768.13,Interpolated (Month),6585,2,4,1
2021,12,Middle East,Model 3,8284.0,9097.0,99652.0,100,579,719.47,Interpolated (Month),7286,2,1,1
2019,12,Middle East,Model X,14160.0,15916.0,89385.88,120,705,1497.42,Estimated (Region),11563,2,3,0
2021,6,North America,Model X,7939.0,8893.0,92306.65,60,335,398.93,Official (Quarter),8937,3,3,2
2018,12,Asia,Model Y,11849.0,13148.0,103882.26,82,490,870.9,Interpolated (Month),9882,0,4,1
2018,2,Asia,Model S,14166.0,16177.0,78014.86,100,589,1251.57,Official (Quarter),6191,0,2,2
2015,12,Asia,Cybertruck,4993.0,5640.0,83124.69,100,598,447.87,Official (Quarter),5226,0,0,2
2018,1,Asia,Model X,3922.0,4416.0,65486.71,120,682,401.22,Official (Quarter),12700,0,3,2
2025,12,Asia,Model X,13671.0,15308.0,67998.03,60,348,713.63,Estimated (Region),8520,0,3,0
2019,10,Middle East,Model 3,3237.0,3475.0,90094.08,120,674,327.26,Official (Quarter),12527,2,1,2
2024,6,Europe,Model S,9874.0,11229.0,119242.89,100,593,878.29,Official (Quarter),14973,1,2,2
2020,1,Europe,Cybertruck,8186.0,8985.0,107716.19,60,342,419.94,Interpolated (Month),3877,1,0,1
2019,6,Europe,Model S,14287.0,16241.0,80739.15,75,413,885.08,Interpolated (Month),7347,1,2,1
2023,12,Middle East,Model 3,9203.0,10426.0,101084.08,60,334,461.07,Interpolated (Month),9789,2,1,1
2019,6,North America,Model X,6397.0,7290.0,51725.11,82,479,459.62,Estimated (Region),11703,3,3,0
2019,11,Europe,Model X,10964.0,12047.0,119238.77,120,675,1110.1,Official (Quarter),11064,1,3,2
2021,3,Asia,Model X,11349.0,11618.0,81896.26,100,580,987.36,Estimated (Region),11302,0,3,0
2024,1,Middle East,Cybertruck,9756.0,10011.0,93531.74,60,330,482.92,Interpolated (Month),7794,2,0,1
2018,9,North America,Cybertruck,10028.0,10999.0,85739.93,60,333,500.9,Estimated (Region),6744,3,0,0
2015,8,North America,Model Y,14575.0,16529.0,105201.8,120,669,1462.6,Estimated (Region),6740,3,4,0
2025,10,Asia,Model 3,15394.0,15397.0,89197.49,120,695,1604.82,Official (Quarter),14664,0,1,2
2018,7,Asia,Model S,11739.0,13264.0,54173.21,100,584,1028.34,Interpolated (Month),4679,0,2,1
2017,12,Middle East,Model X,16989.0,17788.0,98373.91,82,462,1177.34,Estimated (Region),5287,2,3,0
2025,6,Europe,Model X,9221.0,10089.0,108823.54,120,668,923.94,Official (Quarter),13264,1,3,2
2016,2,North America,Cybertruck,13985.0,14888.0,67410.0,100,580,1216.69,Interpolated (Month),11481,3,0,1
2015,4,Middle East,Model S,10084.0,11453.0,56390.07,100,565,854.62,Estimated (Region),14400,2,2,0
2016,8,Middle East,Model S,3747.0,4007.0,113645.41,120,692,388.94,Estimated (Region),8973,2,2,0
2024,5,North America,Model X,13980.0,15377.0,110956.73,100,593,1243.52,Interpolated (Month),9947,3,3,1
2025,4,Asia,Model 3,8438.0,9651.0,94711.75,100,592,749.29,Interpolated (Month),9480,0,1,1
2016,8,Middle East,Model 3,11195.0,12575.0,76629.4,60,353,592.78,Interpolated (Month),14573,2,1,1
2020,9,Europe,Model S,3028.0,3350.0,53637.63,82,486,220.74,Official (Quarter),8499,1,2,2
2024,3,North America,Model 3,7874.0,7878.0,84682.14,60,333,393.31,Estimated (Region),12052,3,1,0
2022,12,North America,Model Y,14239.0,15200.0,72759.3,75,430,918.42,Interpolated (Month),12824,3,4,1
2017,6,Middle East,Model S,11053.0,11464.0,65008.45,75,422,699.65,Official (Quarter),5970,2,2,2
2023,10,Europe,Cybertruck,4070.0,4344.0,95267.09,100,597,364.47,Official (Quarter),12534,1,0,2
2020,5,Middle East,Model 3,9239.0,9839.0,105978.43,100,586,812.11,Official (Quarter),8115,2,1,2
2022,8,North America,Model 3,15396.0,17005.0,91077.43,120,709,1609.9825,Interpolated (Month),3867,3,1,1
2018,8,Asia,Model X,11344.0,11779.0,65445.57,82,456,775.93,Official (Quarter),13309,0,3,2
2021,6,Europe,Model Y,2784.0,2834.0,99246.98,60,349,145.74,Interpolated (Month),7487,1,4,1
2015,2,Middle East,Model 3,5052.0,5602.0,112797.72,75,445,337.22,Official (Quarter),12358,2,1,2
2024,4,Europe,Model S,9469.0,10565.0,114960.61,100,563,799.66,Official (Quarter),7018,1,2,2
2023,12,North America,Model Y,9486.0,9874.0,71183.56,75,435,618.96,Estimated (Region),8259,3,4,0
2024,5,Europe,Cybertruck,8761.0,8977.0,52950.53,75,429,563.77,Interpolated (Month),12614,1,0,1
2019,1,Middle East,Model X,13208.0,14709.0,69734.28,60,339,671.63,Estimated (Region),14095,2,3,0
2021,7,Asia,Model 3,8967.0,9082.0,62842.05,60,352,473.46,Interpolated (Month),3263,0,1,1
2019,9,North America,Model X,1930.0,2093.0,114172.92,60,354,102.48,Interpolated (Month),8413,3,3,1
2022,11,Asia,Model X,7397.0,7921.0,97398.92,60,356,395.0,Estimated (Region),11990,0,3,0
2017,10,Middle East,Model S,11917.0,12332.0,59077.53,60,337,602.4,Official (Quarter),7263,2,2,2
2018,1,Europe,Model Y,2368.0,2385.0,53693.57,100,584,207.44,Official (Quarter),8495,1,4,2
2016,9,Asia,Model X,11133.0,11512.0,108592.88,100,563,940.18,Estimated (Region),10714,0,3,0
2021,4,Middle East,Model 3,8550.0,8715.0,82792.29,120,695,891.34,Estimated (Region),3371,2,1,0
2021,11,Europe,Cybertruck,7825.0,8121.0,106751.13,60,358,420.2,Interpolated (Month),4631,1,0,1
2018,6,Europe,Model S,128.0,143.0,116537.3,82,451,8.66,Official (Quarter),14790,1,2,2
2017,7,Middle East,Model 3,7161.0,7274.0,65565.29,100,575,617.64,Estimated (Region),10293,2,1,0
2015,6,Asia,Cybertruck,7201.0,8144.0,114461.07,75,414,447.18,Estimated (Region),6322,0,0,0
2016,9,Middle East,Model X,6101.0,6994.0,57750.44,60,342,312.98,Estimated (Region),3504,2,3,0
2021,10,Europe,Model S,9675.0,10252.0,85954.34,82,483,700.95,Official (Quarter),7483,1,2,2
2025,10,Europe,Model Y,8720.0,9521.0,98179.93,100,575,752.1,Official (Quarter),8707,1,4,2
2015,5,Europe,Cybertruck,10050.0,10998.0,98702.41,75,429,646.72,Estimated (Region),10530,1,0,0
2023,9,North America,Model X,15098.0,15229.0,115038.14,82,460,1041.76,Interpolated (Month),14996,3,3,1
2018,2,Asia,Model Y,11445.0,11972.0,88252.1,60,342,587.13,Estimated (Region),4922,0,4,0
2021,10,Asia,Model S,3157.0,3343.0,77143.5,100,564,267.08,Official (Quarter),6222,0,2,2
2015,1,Asia,Model 3,8795.0,9165.0,87988.73,82,456,601.58,Official (Quarter),12626,0,1,2
2016,3,North America,Cybertruck,13927.0,15011.0,83542.73,75,413,862.78,Estimated (Region),7094,3,0,0
2019,6,Europe,Model 3,12163.0,13001.0,53857.11,75,428,780.86,Estimated (Region),8628,1,1,0
2019,12,Asia,Model 3,11220.0,12431.0,56029.5,60,343,577.27,Estimated (Region),5087,0,1,0
2021,1,North America,Model S,10139.0,10942.0,106742.27,60,352,535.34,Estimated (Region),10965,3,2,0
2025,4,Asia,Model Y,9751.0,10553.0,50245.76,100,552,807.38,Interpolated (Month),5410,0,4,1
2025,4,Asia,Model X,11382.0,12375.0,110681.15,82,490,836.58,Official (Quarter),11104,0,3,2
2024,12,Europe,Model Y,6662.0,7463.0,114055.37,82,482,481.66,Official (Quarter),12869,1,4,2
2021,7,Europe,Model Y,14909.0,15392.0,91361.03,75,446,997.41,Estimated (Region),12573,1,4,0
2024,6,Europe,Cybertruck,9170.0,9703.0,62992.28,120,707,972.48,Interpolated (Month),7992,1,0,1
2022,1,Europe,Model X,15237.0,17350.0,57875.29,75,416,950.79,Estimated (Region),6996,1,3,0
2018,7,Asia,Model 3,11901.0,12643.0,88401.19,75,427,762.26,Estimated (Region),9235,0,1,0
2024,3,Europe,Model X,9744.0,10496.0,59151.43,82,459,670.87,Interpolated (Month),10874,1,3,1
2018,9,Middle East,Model S,15810.0,17649.0,77518.53,120,668,1584.16,Official (Quarter),3128,2,2,2
2017,1,Middle East,Model 3,8688.0,9781.0,50267.39,75,421,548.65,Estimated (Region),11890,2,1,0
2022,6,North America,Model X,15131.0,16082.0,63579.58,75,423,960.06,Official (Quarter),9061,3,3,2
2016,5,Middle East,Model S,16846.0,19100.0,116873.43,60,353,892.0,Interpolated (Month),6784,2,2,1
2017,2,Middle East,Model S,12872.0,14359.0,106500.89,82,455,878.51,Estimated (Region),6186,2,2,0
2020,8,Europe,Model Y,4607.0,5003.0,94618.32,82,473,326.87,Interpolated (Month),11859,1,4,1
2019,3,Middle East,Model S,12284.0,12804.0,69530.58,75,427,786.79,Official (Quarter),14985,2,2,2
2025,4,Middle East,Cybertruck,11544.0,11617.0,91072.84,75,422,730.74,Official (Quarter),3389,2,0,2
2022,6,North America,Model 3,6816.0,7670.0,61385.66,82,486,496.89,Official (Quarter),11241,3,1,2
2022,6,Europe,Model S,12296.0,13578.0,78661.36,82,486,896.38,Estimated (Region),6575,1,2,0
2023,8,Asia,Model S,7201.0,7619.0,92014.18,60,345,372.65,Interpolated (Month),11334,0,2,1
2016,6,Middle East,Model 3,13013.0,14255.0,103278.51,120,669,1305.85,Interpolated (Month),8538,2,1,1
2025,6,Asia,Cybertruck,8638.0,8830.0,99142.5,82,480,621.94,Estimated (Region),11090,0,0,0
2020,6,Asia,Model X,7718.0,7890.0,85698.96,60,343,397.09,Interpolated (Month),13809,0,3,1
2021,10,Middle East,Model S,10632.0,11812.0,87998.9,60,345,550.21,Official (Quarter),7173,2,2,2
2017,4,Asia,Model S,416.0,466.0,108507.81,75,424,26.46,Official (Quarter),11323,0,2,2
2020,2,Europe,Model X,10403.0,11265.0,58031.94,60,333,519.63,Official (Quarter),9354,1,3,2
2024,10,Middle East,Cybertruck,11501.0,12292.0,91552.48,60,338,583.1,Estimated (Region),10750,2,0,0
2018,12,Middle East,Model X,13653.0,14025.0,80124.26,75,418,856.04,Estimated (Region),11479,2,3,0
2022,5,Asia,Model Y,4849.0,5434.0,75892.2,75,436,317.12,Interpolated (Month),11704,0,4,1
2023,12,North America,Model 3,5102.0,5378.0,109654.99,75,433,331.37,Interpolated (Month),11614,3,1,1
2019,3,Europe,Model Y,9962.0,10229.0,112379.81,75,429,641.05,Estimated (Region),11516,1,4,0
2019,7,Asia,Model X,8330.0,8492.0,95040.03,75,419,523.54,Estimated (Region),4171,0,3,0
2024,10,Asia,Model Y,9150.0,10087.0,115850.2,82,478,656.05,Official (Quarter),13455,0,4,2
2019,2,Middle East,Model 3,9029.0,9256.0,74835.81,82,467,632.48,Official (Quarter),3688,2,1,2
2021,12,Middle East,Cybertruck,12810.0,13469.0,78749.03,60,351,674.45,Estimated (Region),9138,2,0,0
2015,8,Asia,Model Y,15381.0,16421.0,57926.66,60,359,828.27,Estimated (Region),13066,0,4,0
2017,6,North America,Model S,9078.0,10082.0,99318.81,82,468,637.28,Official (Quarter),7158,3,2,2
2021,2,Asia,Model S,11057.0,11975.0,115158.3,75,412,683.32,Official (Quarter),11978,0,2,2
2017,12,North America,Model Y,11318.0,12678.0,77446.55,82,481,816.59,Estimated (Region),4505,3,4,0
2020,1,Asia,Model X,10621.0,10724.0,82600.79,75,421,670.72,Official (Quarter),8637,0,3,2
2018,9,Middle East,Model 3,11696.0,12343.0,75003.46,60,340,596.5,Official (Quarter),9246,2,1,2
2017,1,Europe,Model X,10853.0,10934.0,55103.13,120,684,1113.52,Official (Quarter),6543,1,3,2
2017,4,Middle East,Cybertruck,15689.0,17358.0,61712.49,75,441,1037.83,Interpolated (Month),10005,2,0,1
2019,10,North America,Model 3,9848.0,10801.0,51187.84,75,448,661.79,Interpolated (Month),3535,3,1,1
2019,8,Middle East,Cybertruck,16904.0,17438.0,66570.43,100,581,1473.18,Official (Quarter),12959,2,0,2
2017,2,Asia,Model X,249.0,268.0,91659.22,75,412,15.39,Official (Quarter),8569,0,3,2
2017,8,Asia,Model Y,1177.0,1215.0,96317.9,120,689,121.64,Interpolated (Month),3063,0,4,1
2024,6,Middle East,Model 3,13451.0,13642.0,72453.51,82,466,940.22,Interpolated (Month),10471,2,1,1
2021,12,North America,Cybertruck,5022.0,5211.0,62150.05,60,358,269.68,Official (Quarter),13255,3,0,2
2019,3,Asia,Model X,11583.0,12335.0,87487.97,100,573,995.56,Official (Quarter),7670,0,3,2
2023,1,Asia,Model 3,6659.0,7582.0,77831.43,120,697,696.2,Estimated (Region),12357,0,1,0
2019,10,Asia,Model S,7860.0,8594.0,74924.71,82,483,569.46,Estimated (Region),5804,0,2,0
2025,4,Middle East,Model 3,14345.0,15265.0,94878.36,82,490,1054.36,Interpolated (Month),13075,2,1,1
2015,6,Middle East,Model 3,8899.0,9724.0,75823.95,100,573,764.87,Estimated (Region),11969,2,1,0
2018,2,North America,Model S,7777.0,8238.0,62724.52,100,557,649.77,Estimated (Region),12927,3,2,0
2025,2,Middle East,Model Y,7540.0,8505.0,90014.78,82,469,530.44,Estimated (Region),4795,2,4,0
2023,3,Asia,Cybertruck,8116.0,8848.0,92442.19,75,426,518.61,Estimated (Region),13853,0,0,0
2019,7,North America,Model 3,11549.0,12620.0,104702.35,120,702,1216.11,Official (Quarter),13013,3,1,2
2022,7,Asia,Model S,13013.0,13750.0,82457.31,60,332,648.05,Estimated (Region),10307,0,2,0
2018,6,Asia,Model S,11866.0,12603.0,117056.21,60,346,615.85,Interpolated (Month),10261,0,2,1
2015,6,Middle East,Cybertruck,14478.0,15062.0,76409.89,75,413,896.91,Official (Quarter),6864,2,0,2
2017,9,Middle East,Model 3,10579.0,11779.0,80960.57,75,439,696.63,Estimated (Region),7670,2,1,0
2025,1,Europe,Cybertruck,10166.0,11068.0,101384.48,100,575,876.82,Interpolated (Month),12767,1,0,1
2024,11,Asia,Model S,6687.0,7081.0,54489.47,120,673,675.05,Estimated (Region),12514,0,2,0
2025,10,North America,Model X,16033.0,16582.0,79611.01,82,473,1137.54,Official (Quarter),13663,3,3,2
2017,8,Middle East,Model S,12673.0,14159.0,102622.29,60,354,672.94,Estimated (Region),9216,2,2,0
2016,7,Europe,Cybertruck,13821.0,14501.0,80381.36,100,554,1148.53,Estimated (Region),5647,1,0,0
2016,2,Europe,Model Y,12910.0,12986.0,58547.69,60,343,664.22,Interpolated (Month),14206,1,4,1
2015,3,Europe,Model 3,6612.0,7456.0,72184.54,82,457,453.25,Official (Quarter),9681,1,1,2
2019,2,Asia,Model 3,10886.0,11220.0,105859.86,60,352,574.78,Interpolated (Month),3765,0,1,1
2018,8,Middle East,Model 3,6056.0,6666.0,101051.69,75,434,394.25,Official (Quarter),5481,2,1,2
2018,3,Asia,Model Y,17318.0,18386.0,79924.05,120,679,1609.9825,Estimated (Region),9770,0,4,0
2020,1,Middle East,Cybertruck,6748.0,7252.0,73067.13,75,429,434.23,Interpolated (Month),13283,2,0,1
2019,9,Europe,Model 3,10984.0,11720.0,104458.95,60,336,553.59,Estimated (Region),4974,1,1,0
2015,1,North America,Cybertruck,6367.0,6802.0,104962.32,82,459,438.37,Estimated (Region),9170,3,0,0
2021,8,Middle East,Model S,10233.0,11730.0,73326.92,120,695,1066.79,Estimated (Region),4082,2,2,0
2019,6,Middle East,Model X,11186.0,11734.0,74473.01,120,695,1166.14,Interpolated (Month),6290,2,3,1
2018,6,Middle East,Model X,17589.0,17847.0,53084.61,60,335,883.85,Interpolated (Month),9495,2,3,1
2017,11,North America,Model 3,6667.0,7125.0,100750.43,100,578,578.03,Estimated (Region),11006,3,1,0
2022,2,Middle East,Model S,4371.0,4439.0,106904.99,75,413,270.78,Interpolated (Month),10907,2,2,1
2024,2,Middle East,Model X,12916.0,13789.0,79672.98,60,345,668.4,Interpolated (Month),14340,2,3,1
2019,10,Europe,Model Y,10554.0,11418.0,56263.12,100,570,902.37,Official (Quarter),13239,1,4,2
2017,5,Asia,Cybertruck,2895.0,3028.0,74707.1,60,348,151.12,Official (Quarter),7008,0,0,2
2015,3,Asia,Model S,12060.0,13504.0,95497.48,82,479,866.51,Official (Quarter),12549,0,2,2
2018,7,Asia,Model Y,16516.0,18763.0,119407.29,75,420,1040.51,Official (Quarter),7265,0,4,2
2023,4,North America,Model X,12491.0,12935.0,70206.64,100,596,1116.7,Official (Quarter),12908,3,3,2
2022,8,North America,Model Y,17669.0,18984.0,107730.62,120,684,1609.9825,Official (Quarter),4228,3,4,2
2018,6,Asia,Model Y,7543.0,7633.0,80928.36,100,558,631.35,Official (Quarter),5213,0,4,2
2019,8,Middle East,Model S,11957.0,12248.0,117182.2,82,485,869.87,Estimated (Region),13365,2,2,0
2019,11,Europe,Model 3,9749.0,11099.0,88137.73,120,676,988.55,Interpolated (Month),11428,1,1,1
2022,12,Europe,Model 3,13091.0,14830.0,101032.36,120,715,1404.01,Interpolated (Month),6991,1,1,1
2019,1,Asia,Model 3,12370.0,13923.0,66787.4,75,419,777.45,Official (Quarter),9058,0,1,2
2016,8,Middle East,Cybertruck,14320.0,14659.0,98712.94,60,353,758.24,Estimated (Region),6801,2,0,0
2015,1,Middle East,Cybertruck,8803.0,9344.0,102888.58,60,336,443.67,Interpolated (Month),3923,2,0,1
2017,11,North America,Cybertruck,9790.0,10499.0,108676.13,60,340,499.29,Interpolated (Month),13317,3,0,1
2015,2,Middle East,Model S,5076.0,5146.0,112805.1,60,357,271.82,Interpolated (Month),10597,2,2,1
2025,5,Middle East,Model Y,9312.0,10589.0,59818.7,60,346,483.29,Interpolated (Month),10117,2,4,1
2017,3,North America,Cybertruck,16322.0,16958.0,74163.45,82,488,1194.77,Estimated (Region),6486,3,0,0
2018,11,North America,Model S,9342.0,9740.0,70227.8,82,466,653.01,Official (Quarter),7719,3,2,2
2022,9,North America,Model 3,11967.0,12515.0,102122.26,75,414,743.15,Official (Quarter),5631,3,1,2
2022,11,Asia,Model S,12632.0,13778.0,92986.35,120,691,1309.31,Interpolated (Month),4102,0,2,1
2017,3,Middle East,Model X,11422.0,13008.0,66007.37,82,477,817.24,Estimated (Region),5664,2,3,0
2022,2,Europe,Model S,3095.0,3369.0,101539.59,60,347,161.09,Interpolated (Month),3801,1,2,1
2025,10,North America,Model 3,5566.0,5721.0,63888.05,100,573,478.4,Estimated (Region),8899,3,1,0
2016,1,Europe,Model S,8875.0,9097.0,57319.75,82,477,635.01,Official (Quarter),11477,1,2,2
2018,4,North America,Cybertruck,5716.0,6185.0,62225.3,75,423,362.68,Official (Quarter),10965,3,0,2
2020,11,Europe,Cybertruck,10137.0,10384.0,112652.37,100,584,888.0,Official (Quarter),5998,1,0,2
2015,8,Asia,Cybertruck,10222.0,11128.0,77930.19,60,331,507.52,Official (Quarter),7022,0,0,2
2022,1,Europe,Model 3,4738.0,5389.0,59378.24,120,700,497.49,Estimated (Region),3052,1,1,0
2017,8,Europe,Model S,13987.0,15741.0,107497.19,75,444,931.53,Official (Quarter),8821,1,2,2
2025,7,Asia,Model X,16163.0,18239.0,71701.14,82,467,1132.22,Estimated (Region),7278,0,3,0
2020,8,Europe,Model 3,11092.0,11149.0,84829.63,100,557,926.74,Official (Quarter),5195,1,1,2
2017,5,Europe,Cybertruck,8571.0,8637.0,85335.69,75,439,564.4,Interpolated (Month),13351,1,0,1
2022,4,Middle East,Model Y,14998.0,16569.0,99275.51,120,689,1550.04,Official (Quarter),13978,2,4,2
2022,7,Middle East,Model 3,14063.0,14945.0,80859.86,100,581,1225.59,Official (Quarter),12293,2,1,2
2023,8,Europe,Model S,10073.0,11143.0,59410.18,60,354,534.88,Interpolated (Month),10273,1,2,1
2015,7,Europe,Model X,6676.0,7646.0,110585.5,100,590,590.83,Estimated (Region),6094,1,3,0
2025,11,Middle East,Cybertruck,12586.0,14301.0,106595.93,82,487,919.41,Estimated (Region),3139,2,0,0
2023,5,Europe,Model 3,9249.0,10571.0,110580.06,100,564,782.47,Estimated (Region),4911,1,1,0
2019,2,North America,Model S,9582.0,10448.0,55580.06,120,700,1006.11,Interpolated (Month),14190,3,2,1
2025,11,Middle East,Model 3,4645.0,4827.0,65577.08,82,480,334.44,Interpolated (Month),4017,2,1,1
2015,10,Asia,Model S,9702.0,9971.0,87933.07,100,593,862.99,Estimated (Region),11786,0,2,0
2019,9,Middle East,Cybertruck,9845.0,11013.0,64063.79,75,442,652.72,Official (Quarter),13201,2,0,2
2019,2,Asia,Model X,3999.0,4181.0,118806.28,120,698,418.7,Estimated (Region),11612,0,3,0
2017,11,Middle East,Cybertruck,15553.0,16347.0,85740.65,100,580,1353.11,Official (Quarter),13927,2,0,2
2017,7,Europe,Model 3,8884.0,8977.0,62995.27,100,583,776.91,Interpolated (Month),13580,1,1,1
2015,10,North America,Model S,11024.0,12017.0,96552.57,100,558,922.71,Interpolated (Month),13972,3,2,1
2016,4,North America,Model 3,4520.0,4991.0,78302.31,82,468,317.3,Interpolated (Month),11611,3,1,1
2025,3,Europe,Model Y,10934.0,11208.0,118491.97,82,466,764.29,Interpolated (Month),4283,1,4,1
2019,6,North America,Model S,10583.0,11908.0,99724.61,75,416,660.38,Interpolated (Month),11831,3,2,1
2025,5,Asia,Model S,10564.0,10708.0,80551.39,100,579,917.48,Official (Quarter),9264,0,2,2
2025,7,Asia,Model Y,7894.0,8880.0,53104.28,120,678,802.82,Interpolated (Month),11152,0,4,1
2019,6,Europe,Cybertruck,1126.0,1171.0,72096.79,120,667,112.66,Interpolated (Month),10866,1,0,1
2024,3,Europe,Model S,8148.0,8654.0,53118.96,82,483,590.32,Official (Quarter),11144,1,2,2
2020,3,North America,Model Y,12915.0,14450.0,63083.51,100,553,1071.3,Official (Quarter),14982,3,4,2
2015,1,Middle East,Model 3,11446.0,12752.0,89289.4,100,588,1009.54,Estimated (Region),8925,2,1,0
2025,12,North America,Model X,6293.0,6849.0,67797.67,82,461,435.16,Estimated (Region),8860,3,3,0
2017,4,Europe,Model 3,17905.0,19292.0,103114.34,120,676,1609.9825,Official (Quarter),7236,1,1,2
2017,9,Middle East,Model Y,11470.0,11834.0,119694.18,75,449,772.5,Estimated (Region),10794,2,4,0
2024,12,North America,Model X,13738.0,14740.0,59411.99,120,677,1395.09,Interpolated (Month),10949,3,3,1
2025,1,Asia,Model X,12017.0,12840.0,72979.06,82,457,823.77,Official (Quarter),5011,0,3,2
2021,4,North America,Cybertruck,9651.0,10024.0,111944.87,120,694,1004.67,Interpolated (Month),5653,3,0,1
2018,12,Middle East,Cybertruck,12282.0,13313.0,110055.44,100,583,1074.06,Interpolated (Month),8224,2,0,1
2024,9,Asia,Model 3,11553.0,12716.0,77241.52,120,689,1194.0,Official (Quarter),14878,0,1,2
2018,4,Middle East,Model X,13505.0,14142.0,56765.14,100,558,1130.37,Estimated (Region),14848,2,3,0
2015,12,Europe,Model S,11116.0,12262.0,54748.59,60,339,565.25,Official (Quarter),11498,1,2,2
2023,8,Asia,Cybertruck,12453.0,13590.0,78824.74,60,344,642.57,Interpolated (Month),7974,0,0,1
2022,6,Middle East,Cybertruck,4608.0,4831.0,72308.81,120,686,474.16,Estimated (Region),10514,2,0,0
2025,11,Europe,Model X,7622.0,8449.0,63017.43,100,595,680.26,Official (Quarter),12934,1,3,2
2024,6,Middle East,Model X,6679.0,6837.0,110242.31,75,429,429.79,Estimated (Region),14004,2,3,0
2023,9,Europe,Model S,6918.0,7421.0,74773.41,120,713,739.88,Estimated (Region),4990,1,2,0
2022,1,Asia,Model Y,9065.0,9932.0,94010.5,82,473,643.16,Estimated (Region),14836,0,4,0
2019,5,Europe,Model S,14511.0,15227.0,98536.43,120,705,1534.54,Estimated (Region),6649,1,2,0
2016,12,Europe,Cybertruck,8855.0,9679.0,64091.85,120,683,907.19,Interpolated (Month),3473,1,0,1
2018,12,Asia,Cybertruck,14998.0,15151.0,112817.81,100,555,1248.58,Interpolated (Month),6934,0,0,1
2025,11,Middle East,Model Y,15263.0,17269.0,109649.77,60,358,819.62,Interpolated (Month),9976,2,4,1
2017,8,Middle East,Cybertruck,14286.0,15301.0,100147.8,75,422,904.3,Official (Quarter),5427,2,0,2
2025,3,Asia,Model 3,12262.0,13318.0,106918.42,100,589,1083.35,Official (Quarter),13681,0,1,2
2020,1,Middle East,Model Y,9318.0,10366.0,98538.06,120,719,1004.95,Official (Quarter),6334,2,4,2
2019,10,Middle East,Model Y,9541.0,9782.0,82247.1,60,339,485.16,Interpolated (Month),3421,2,4,1
2020,11,Middle East,Model S,6085.0,6176.0,71674.23,60,349,318.55,Estimated (Region),10989,2,2,0
2025,12,Europe,Model S,11374.0,11433.0,82811.35,60,341,581.78,Official (Quarter),4642,1,2,2
2021,5,Europe,Model X,12865.0,13825.0,108926.61,60,354,683.13,Official (Quarter),7926,1,3,2
2025,9,Asia,Model X,12084.0,13554.0,65151.02,75,442,801.17,Interpolated (Month),7795,0,3,1
2020,6,North America,Model S,12434.0,12801.0,64947.62,100,583,1087.35,Interpolated (Month),7860,3,2,1
2025,7,Europe,Model 3,16165.0,17476.0,114908.59,60,357,865.64,Interpolated (Month),9152,1,1,1
2021,9,North America,Model Y,11828.0,12035.0,119010.09,120,678,1202.91,Official (Quarter),4563,3,4,2
2015,9,North America,Model S,8924.0,9038.0,119781.2,120,690,923.63,Official (Quarter),10144,3,2,2
2022,2,North America,Cybertruck,10571.0,11285.0,50815.14,60,346,548.63,Estimated (Region),10938,3,0,0
2018,12,Middle East,Model 3,8351.0,9440.0,56169.41,75,441,552.42,Estimated (Region),13170,2,1,0
2025,9,Europe,Model X,6319.0,6848.0,110295.39,60,354,335.54,Estimated (Region),6384,1,3,0
2018,8,Middle East,Model X,8863.0,9533.0,71853.28,120,685,910.67,Official (Quarter),10742,2,3,2
2022,12,Middle East,Cybertruck,13911.0,14029.0,118494.61,60,347,724.07,Interpolated (Month),9683,2,0,1
2022,11,North America,Cybertruck,10470.0,10759.0,70714.84,75,439,689.45,Official (Quarter),4011,3,0,2
2024,3,North America,Model S,3907.0,4416.0,80241.74,82,484,283.65,Estimated (Region),6160,3,2,0
2015,5,Middle East,Model Y,3622.0,3652.0,110530.57,60,354,192.33,Interpolated (Month),14996,2,4,1
2025,5,Middle East,Model 3,6902.0,7018.0,100871.84,120,716,741.27,Official (Quarter),10328,2,1,2
2016,1,Asia,Model Y,10480.0,10885.0,82383.61,82,486,763.99,Interpolated (Month),11726,0,4,1
2015,6,North America,Model Y,7006.0,7585.0,89265.66,75,445,467.65,Official (Quarter),7841,3,4,2
2021,1,Europe,Model S,16493.0,17525.0,101147.53,100,576,1425.0,Official (Quarter),3890,1,2,2
2021,1,North America,Model Y,1385.0,1505.0,100007.13,75,446,92.66,Interpolated (Month),11465,3,4,1
2021,11,Europe,Model Y,9990.0,10820.0,89118.86,82,479,717.78,Estimated (Region),5129,1,4,0
2017,6,Europe,Model 3,5509.0,6002.0,110626.69,82,489,404.09,Official (Quarter),4270,1,1,2
2017,8,Europe,Model X,7497.0,8021.0,55298.98,60,341,383.47,Official (Quarter),12642,1,3,2
2022,1,Middle East,Model 3,7772.0,8489.0,107963.03,75,418,487.3,Interpolated (Month),10131,2,1,1
2023,10,North America,Model 3,11636.0,12345.0,61678.68,120,661,1153.71,Interpolated (Month),4600,3,1,1
2024,2,Middle East,Cybertruck,10257.0,11190.0,89536.89,120,711,1093.91,Estimated (Region),12859,2,0,0
2016,9,North America,Model Y,15648.0,17137.0,61616.84,82,487,1143.09,Estimated (Region),8129,3,4,0
2019,10,Asia,Cybertruck,12582.0,13593.0,77593.33,100,592,1117.28,Interpolated (Month),8915,0,0,1
2024,5,Middle East,Model S,11919.0,13335.0,103069.04,60,357,638.26,Interpolated (Month),3177,2,2,1
2022,1,North America,Model X,10780.0,11489.0,53141.67,60,357,577.27,Official (Quarter),8643,3,3,2
2023,7,Middle East,Model 3,11920.0,13072.0,103025.69,60,333,595.4,Official (Quarter),12998,2,1,2
2025,6,Europe,Cybertruck,12027.0,12592.0,96555.42,120,710,1280.88,Interpolated (Month),7324,1,0,1
2016,11,Asia,Model X,15569.0,17489.0,110029.36,100,595,1389.53,Interpolated (Month),8171,0,3,1
2024,8,North America,Model 3,8129.0,8264.0,100593.34,100,563,686.49,Estimated (Region),12840,3,1,0
2020,7,Europe,Model X,12980.0,14620.0,75352.71,100,583,1135.1,Estimated (Region),8649,1,3,0
2023,7,Europe,Cybertruck,8193.0,8455.0,50406.26,120,678,833.23,Interpolated (Month),11987,1,0,1
2018,9,North America,Model S,8643.0,9882.0,76367.35,60,340,440.79,Official (Quarter),3749,3,2,2
2025,9,Europe,Cybertruck,10381.0,11098.0,67623.16,75,426,663.35,Estimated (Region),12599,1,0,0
2017,8,North America,Model Y,9061.0,10138.0,54833.21,75,430,584.43,Official (Quarter),9728,3,4,2
2024,12,Asia,Model Y,17324.0,19456.0,81581.48,82,475,1234.33,Interpolated (Month),13746,0,4,1
2025,3,Europe,Model S,13639.0,15599.0,80450.83,75,435,889.94,Official (Quarter),10995,1,2,2
2022,6,Europe,Model X,14719.0,15739.0,88440.08,75,448,989.12,Interpolated (Month),14983,1,3,1
2016,2,North America,Model X,4821.0,5380.0,59161.16,82,490,354.34,Estimated (Region),8445,3,3,0
2021,10,Asia,Cybertruck,18256.0,20576.0,50667.73,100,570,1560.89,Official (Quarter),13886,0,0,2
2020,12,Middle East,Model Y,7133.0,8020.0,99275.57,120,716,766.08,Estimated (Region),7907,2,4,0
2024,2,Middle East,Model Y,12422.0,12757.0,100689.52,60,354,659.61,Estimated (Region),11149,2,4,0
2023,3,Europe,Cybertruck,7822.0,7970.0,89595.14,60,334,391.88,Estimated (Region),11457,1,0,0
2022,7,North America,Model X,9618.0,10791.0,116824.64,100,596,859.85,Official (Quarter),13911,3,3,2
2017,9,North America,Model S,5641.0,5822.0,79739.56,75,446,377.38,Estimated (Region),9084,3,2,0
2024,12,Europe,Model S,13871.0,14673.0,104537.29,60,351,730.31,Interpolated (Month),3714,1,2,1
2025,5,Middle East,Cybertruck,9413.0,10180.0,56933.95,82,464,655.14,Official (Quarter),3615,2,0,2
2023,2,Middle East,Cybertruck,4924.0,5240.0,56906.02,75,435,321.29,Interpolated (Month),4724,2,0,1
2017,1,Europe,Model Y,6923.0,7757.0,115045.96,75,427,443.42,Official (Quarter),13873,1,4,2
2022,9,North America,Model Y,12817.0,13582.0,90597.75,120,716,1376.55,Official (Quarter),3825,3,4,2
2022,3,Asia,Cybertruck,1738.0,1822.0,83295.85,82,475,123.83,Official (Quarter),14831,0,0,2
2015,8,Europe,Model 3,8920.0,9986.0,60494.22,100,561,750.62,Interpolated (Month),11667,1,1,1
2021,5,Asia,Cybertruck,8270.0,8687.0,66413.88,100,574,712.05,Interpolated (Month),9621,0,0,1
2023,4,Europe,Model 3,8269.0,9395.0,75423.24,60,338,419.24,Interpolated (Month),9008,1,1,1
2020,9,Europe,Cybertruck,4085.0,4224.0,114555.63,100,579,354.78,Estimated (Region),7559,1,0,0
2025,10,Europe,Model S,6234.0,7024.0,92150.8,60,343,320.74,Official (Quarter),7895,1,2,2
2017,9,Middle East,Cybertruck,1599.0,1791.0,100057.01,75,434,104.09,Official (Quarter),3640,2,0,2
2022,6,Asia,Cybertruck,2877.0,3286.0,104403.01,60,338,145.86,Interpolated (Month),13130,0,0,1
2015,10,Europe,Model 3,20240.0,21254.0,103963.85,75,416,1262.98,Estimated (Region),3901,1,1,0
2019,10,Europe,Model X,10136.0,11624.0,85130.87,100,572,869.67,Estimated (Region),12041,1,3,0
2017,7,Europe,Model Y,5659.0,6096.0,87488.77,60,340,288.61,Official (Quarter),7245,1,4,2
2024,2,Asia,Model 3,5081.0,5645.0,93939.03,60,341,259.89,Official (Quarter),4692,0,1,2
2023,1,Asia,Model S,11307.0,12268.0,88740.07,75,413,700.47,Estimated (Region),8631,0,2,0
2015,10,Middle East,Model X,8150.0,8565.0,100733.67,60,331,404.65,Interpolated (Month),6783,2,3,1
2024,9,Europe,Model X,12707.0,13306.0,89277.71,100,576,1097.88,Estimated (Region),12881,1,3,0
2016,3,Asia,Model Y,4663.0,5336.0,83848.2,75,442,309.16,Interpolated (Month),9602,0,4,1
2018,3,Europe,Model 3,8163.0,8605.0,78591.89,100,583,713.85,Interpolated (Month),3680,1,1,1
2016,9,North America,Model S,8660.0,8899.0,112579.28,100,582,756.02,Interpolated (Month),4825,3,2,1
2015,7,North America,Model X,16092.0,17133.0,58930.62,100,564,1361.38,Interpolated (Month),7356,3,3,1
2015,11,North America,Model X,8217.0,8736.0,101630.76,82,460,566.97,Interpolated (Month),4325,3,3,1
2018,6,Middle East,Model S,4979.0,5264.0,108740.26,75,417,311.44,Official (Quarter),9068,2,2,2
2024,7,Asia,Cybertruck,13917.0,14312.0,88350.96,75,413,862.16,Interpolated (Month),12170,0,0,1
2020,12,Middle East,Cybertruck,13238.0,14552.0,82539.83,82,476,945.19,Official (Quarter),8395,2,0,2
2022,3,Asia,Model Y,6140.0,6345.0,100218.25,82,489,450.37,Official (Quarter),9333,0,4,2
2022,1,Middle East,Model S,12928.0,13924.0,108042.72,82,469,909.48,Estimated (Region),9850,2,2,0
2022,2,Europe,Model X,6243.0,6550.0,100430.36,82,477,446.69,Interpolated (Month),6993,1,3,1
2025,9,Europe,Model S,3139.0,3160.0,88476.88,120,688,323.94,Interpolated (Month),14134,1,2,1
2019,10,Asia,Model Y,10998.0,11172.0,85429.79,100,590,973.32,Estimated (Region),14233,0,4,0
2021,12,North America,Model 3,8179.0,8488.0,81791.72,75,426,522.64,Interpolated (Month),14784,3,1,1
2025,2,Asia,Model X,20012.0,20874.0,91474.05,75,423,1269.76,Estimated (Region),3665,0,3,0
2022,4,Middle East,Cybertruck,5774.0,6197.0,81518.56,60,335,290.14,Interpolated (Month),6691,2,0,1
2018,7,Asia,Cybertruck,9208.0,9785.0,75046.79,60,347,479.28,Estimated (Region),9907,0,0,0
2021,8,Europe,Cybertruck,8120.0,8360.0,72207.87,60,338,411.68,Estimated (Region),9370,1,0,0
2024,6,Europe,Model X,8099.0,8458.0,110962.43,100,550,668.17,Estimated (Region),3252,1,3,0
2017,9,North America,Model 3,6860.0,7053.0,55388.02,75,438,450.7,Estimated (Region),7593,3,1,0
2015,1,North America,Model 3,9446.0,9528.0,110632.33,75,435,616.35,Estimated (Region),11496,3,1,0
2024,1,North America,Model S,12668.0,14186.0,59337.2,100,555,1054.61,Estimated (Region),14065,3,2,0
2017,11,Middle East,Model Y,7895.0,8875.0,61949.59,75,413,489.1,Official (Quarter),5453,2,4,2
2021,10,Middle East,Model 3,18542.0,19705.0,99990.72,120,711,1609.9825,Estimated (Region),4856,2,1,0
2020,5,Asia,Model 3,11711.0,13448.0,53832.15,82,465,816.84,Estimated (Region),8782,0,1,0
2025,6,Middle East,Model Y,6722.0,7395.0,100181.89,82,474,477.93,Official (Quarter),14504,2,4,2
2021,5,North America,Model S,15795.0,17652.0,81728.32,82,483,1144.35,Estimated (Region),13063,3,2,0
2022,9,Asia,Model Y,6777.0,6917.0,117632.46,120,709,720.73,Interpolated (Month),5453,0,4,1
2019,9,Middle East,Model 3,10505.0,10991.0,75810.76,120,706,1112.48,Interpolated (Month),12731,2,1,1
2025,8,Asia,Model X,11494.0,12162.0,90336.06,100,591,1018.94,Official (Quarter),5260,0,3,2
2021,10,Asia,Model 3,8427.0,9515.0,54890.33,82,478,604.22,Official (Quarter),5073,0,1,2
2023,4,Middle East,Model Y,6542.0,7323.0,80221.3,82,469,460.23,Interpolated (Month),9154,2,4,1
2017,10,North America,Model Y,8058.0,8608.0,96743.24,60,355,429.09,Interpolated (Month),5036,3,4,1
2017,11,North America,Model Y,11474.0,13004.0,76002.71,75,419,721.14,Official (Quarter),8872,3,4,2
2020,3,Middle East,Model X,8652.0,9846.0,90711.22,100,576,747.53,Interpolated (Month),10156,2,3,1
2016,4,Middle East,Model X,9604.0,10742.0,71327.54,82,454,654.03,Estimated (Region),7835,2,3,0
2017,9,Europe,Model Y,10381.0,10884.0,112854.34,60,356,554.35,Interpolated (Month),6903,1,4,1
2020,12,Asia,Cybertruck,14908.0,16217.0,88333.13,75,436,974.98,Interpolated (Month),6113,0,0,1
2021,2,Middle East,Cybertruck,10591.0,11638.0,93729.05,75,423,672.0,Estimated (Region),7536,2,0,0
2017,12,Europe,Cybertruck,8177.0,8522.0,117435.22,60,330,404.76,Estimated (Region),11592,1,0,0
2020,5,North America,Model X,7373.0,8436.0,106508.32,120,687,759.79,Interpolated (Month),5683,3,3,1
2022,5,Europe,Model Y,20337.625,21930.125,89555.17,60,358,1169.16,Official (Quarter),13826,1,4,2
2019,1,Asia,Model X,6060.0,6093.0,53692.08,100,591,537.22,Interpolated (Month),4415,0,3,1
2020,6,Europe,Model 3,4355.0,4949.0,94372.26,75,415,271.1,Estimated (Region),13908,1,1,0
2020,11,North America,Model S,11189.0,11741.0,52954.03,60,344,577.35,Interpolated (Month),9533,3,2,1
2020,11,Europe,Model Y,9563.0,10725.0,87560.47,100,563,807.6,Estimated (Region),3739,1,4,0
2024,4,Middle East,Model X,10425.0,11691.0,108738.51,120,714,1116.52,Interpolated (Month),9110,2,3,1
2021,3,Middle East,Model 3,7304.0,7847.0,79478.32,75,427,467.82,Estimated (Region),5776,2,1,0
2023,6,Middle East,Model Y,6457.0,6467.0,66962.8,82,478,462.97,Estimated (Region),5773,2,4,0
2021,5,Europe,Cybertruck,4349.0,4579.0,94954.67,82,461,300.73,Estimated (Region),4311,1,0,0
2021,12,North America,Model Y,9243.0,9841.0,53775.28,100,575,797.21,Interpolated (Month),9056,3,4,1
2020,8,Asia,Cybertruck,9144.0,10132.0,114279.95,82,467,640.54,Official (Quarter),5295,0,0,2
2025,9,Middle East,Model S,7781.0,8045.0,81911.78,75,448,522.88,Interpolated (Month),13205,2,2,1
2025,10,Asia,Model Y,3475.0,3792.0,98144.11,75,430,224.14,Estimated (Region),13516,0,4,0
2021,11,North America,Model Y,8184.0,8928.0,92298.17,82,484,594.16,Estimated (Region),8100,3,4,0
2019,5,Asia,Model 3,10109.0,10873.0,72596.69,82,461,699.04,Official (Quarter),8567,0,1,2
2018,4,Middle East,Model S,15421.0,17636.0,89602.15,120,690,1596.07,Estimated (Region),4020,2,2,0
2021,8,Middle East,Model X,10813.0,11769.0,81493.89,60,355,575.79,Estimated (Region),14482,2,3,0
2022,7,Middle East,Cybertruck,1519.0,1626.0,116811.34,60,333,75.87,Estimated (Region),14355,2,0,0
2022,3,North America,Model X,10773.0,10838.0,72050.58,75,434,701.32,Estimated (Region),14407,3,3,0
2019,12,North America,Model Y,8103.0,9221.0,95517.85,60,332,403.53,Interpolated (Month),14374,3,4,1
2019,5,Middle East,Cybertruck,10704.0,11117.0,59496.3,100,563,903.95,Interpolated (Month),7620,2,0,1
2017,4,North America,Model S,12976.0,14909.0,53143.79,60,352,685.13,Estimated (Region),7460,3,2,0
2021,12,Middle East,Model Y,8528.0,9359.0,73030.4,120,683,873.69,Official (Quarter),6145,2,4,2
2025,8,North America,Model Y,11732.0,11828.0,62362.96,82,473,832.39,Official (Quarter),8772,3,4,2
2022,4,Middle East,Model X,9731.0,9758.0,57037.13,60,344,502.12,Official (Quarter),11279,2,3,2
2023,1,North America,Model Y,8479.0,8785.0,61769.88,75,448,569.79,Interpolated (Month),10410,3,4,1
2015,5,Middle East,Model S,11967.0,13068.0,79277.01,100,596,1069.85,Estimated (Region),13392,2,2,0
2019,4,North America,Model S,17426.0,19342.0,119679.51,120,677,1609.9825,Estimated (Region),9458,3,2,0
2017,5,North America,Model Y,13550.0,15031.0,110318.36,120,676,1373.97,Estimated (Region),12684,3,4,0
2018,8,North America,Model Y,14778.0,16688.0,90398.2,82,487,1079.53,Official (Quarter),10163,3,4,2
2021,3,North America,Cybertruck,10254.0,11098.0,65352.43,120,685,1053.6,Interpolated (Month),10827,3,0,1
2022,11,North America,Model 3,8720.0,9064.0,64690.53,75,434,567.67,Estimated (Region),4067,3,1,0
2019,4,Middle East,Model Y,4063.0,4144.0,116731.5,120,664,404.67,Official (Quarter),5389,2,4,2
2015,11,Europe,Model 3,9802.0,10703.0,61692.38,100,599,880.71,Estimated (Region),5780,1,1,0
2016,8,Asia,Model X,7416.0,7599.0,73115.05,100,587,652.98,Estimated (Region),9232,0,3,0
2018,8,Asia,Model S,19214.0,21124.0,97534.66,60,357,1028.91,Official (Quarter),14963,0,2,2
2016,8,Middle East,Model X,6992.0,7205.0,86633.07,75,423,443.64,Estimated (Region),12514,2,3,0
2025,7,Middle East,Model X,12850.0,13463.0,93479.34,82,457,880.87,Official (Quarter),13151,2,3,2
2019,4,Europe,Model Y,14301.0,14600.0,89844.45,120,712,1527.35,Interpolated (Month),9997,1,4,1
2021,3,Europe,Model S,8512.0,9440.0,50050.18,120,716,914.19,Interpolated (Month),4974,1,2,1
2019,1,North America,Model S,10197.0,10593.0,53697.87,82,480,734.18,Estimated (Region),4455,3,2,0
2021,7,Asia,Model S,14261.0,14799.0,118672.06,120,696,1488.85,Official (Quarter),12522,0,2,2
2022,11,Middle East,Model S,6579.0,7084.0,97089.95,120,683,674.02,Interpolated (Month),6015,2,2,1
2023,12,Europe,Model 3,8304.0,8654.0,92296.77,100,590,734.9,Estimated (Region),12136,1,1,0
2018,5,North America,Cybertruck,9784.0,10643.0,87896.21,60,332,487.24,Interpolated (Month),3684,3,0,1
2022,4,Asia,Model 3,17279.0,19696.0,55325.93,60,345,894.19,Official (Quarter),11243,0,1,2
2025,3,Asia,Cybertruck,8756.0,9316.0,115763.66,60,342,449.18,Estimated (Region),7300,0,0,0
2017,2,North America,Model X,10354.0,10816.0,57375.54,82,483,750.15,Interpolated (Month),10729,3,3,1
2018,3,Middle East,Cybertruck,5287.0,5627.0,69314.59,120,706,559.89,Official (Quarter),5715,2,0,2
2022,10,North America,Model Y,15752.0,16614.0,77495.0,100,584,1379.88,Official (Quarter),14254,3,4,2
2015,11,North America,Model S,10329.0,11783.0,105914.83,82,491,760.73,Interpolated (Month),7208,3,2,1
2024,2,North America,Model X,11602.0,11971.0,110031.14,75,414,720.48,Official (Quarter),5585,3,3,2
2023,9,Europe,Model Y,10273.0,10978.0,89853.46,75,438,674.94,Interpolated (Month),10106,1,4,1
2024,6,Middle East,Model Y,2967.0,3030.0,50262.16,75,432,192.26,Interpolated (Month),4285,2,4,1
2022,6,Middle East,Model 3,5746.0,6002.0,70744.37,120,703,605.92,Estimated (Region),5757,2,1,0
2016,7,Middle East,Model Y,6006.0,6682.0,95986.86,60,358,322.52,Interpolated (Month),3827,2,4,1
2024,9,Middle East,Model 3,14814.0,16837.0,69179.34,100,575,1277.71,Official (Quarter),14504,2,1,2
2016,9,Middle East,Model Y,11327.0,11802.0,110083.92,75,423,718.7,Estimated (Region),13929,2,4,0
2022,1,Middle East,Model Y,4543.0,4659.0,96732.12,75,435,296.43,Official (Quarter),10722,2,4,2
2016,8,Asia,Model 3,13615.0,13742.0,85875.19,100,590,1204.93,Estimated (Region),8510,0,1,0
2021,5,North America,Model X,8612.0,8882.0,81873.01,75,446,576.14,Estimated (Region),4253,3,3,0
2019,11,North America,Model X,15709.0,16507.0,89461.6,82,459,1081.56,Estimated (Region),11903,3,3,0
2021,3,Middle East,Model S,7004.0,7128.0,50954.79,120,678,712.31,Estimated (Region),11375,2,2,0
2023,6,Europe,Model X,14659.0,15639.0,89537.28,100,573,1259.94,Interpolated (Month),3575,1,3,1
2019,10,Asia,Model X,6022.0,6408.0,61260.22,100,585,528.43,Interpolated (Month),12106,0,3,1
2020,9,Europe,Model X,6776.0,6874.0,83323.97,100,599,608.82,Interpolated (Month),12245,1,3,1
2015,4,North America,Cybertruck,8239.0,8701.0,93810.19,82,471,582.09,Estimated (Region),13277,3,0,0
2023,8,North America,Model X,8590.0,9691.0,82995.77,82,486,626.21,Estimated (Region),6498,3,3,0
2019,12,North America,Model S,7274.0,7421.0,60194.01,120,701,764.86,Official (Quarter),10713,3,2,2
2017,1,Asia,Model X,10838.0,11231.0,99976.68,120,709,1152.62,Official (Quarter),12647,0,3,2
2016,7,Middle East,Cybertruck,11207.0,11302.0,69753.1,60,337,566.51,Official (Quarter),5963,2,0,2
2024,4,Middle East,Model S,2533.0,2535.0,52994.83,120,674,256.09,Interpolated (Month),4371,2,2,1
2018,3,North America,Model Y,11880.0,12049.0,81504.1,60,340,605.88,Interpolated (Month),13448,3,4,1
2024,6,North America,Cybertruck,9127.0,10395.0,92231.55,100,560,766.67,Estimated (Region),14035,3,0,0
2018,4,Asia,Model 3,7151.0,7932.0,72647.13,100,583,625.35,Interpolated (Month),9678,0,1,1
2019,6,Middle East,Model 3,14598.0,14636.0,53430.33,100,578,1265.65,Official (Quarter),12833,2,1,2
2018,8,Middle East,Model Y,6662.0,7067.0,68841.31,60,335,334.77,Official (Quarter),12400,2,4,2
2016,5,Middle East,Model X,17304.0,18501.0,94604.1,60,349,905.86,Official (Quarter),13741,2,3,2
2024,10,North America,Model Y,8801.0,9671.0,72650.43,75,425,561.06,Official (Quarter),10943,3,4,2
2019,3,Middle East,Model 3,10442.0,10571.0,60816.46,60,343,537.24,Estimated (Region),9125,2,1,0
2020,4,Middle East,Model S,4948.0,5450.0,106224.85,120,693,514.34,Estimated (Region),11890,2,2,0
2016,11,Middle East,Model S,14506.0,16442.0,74211.42,75,418,909.53,Interpolated (Month),3305,2,2,1
2018,5,Middle East,Model S,3250.0,3571.0,80942.34,100,582,283.72,Official (Quarter),3737,2,2,2
2024,8,Middle East,Model X,11996.0,13445.0,61313.12,75,423,761.15,Interpolated (Month),11154,2,3,1
2019,2,Middle East,Model S,10927.0,11572.0,92574.8,82,469,768.71,Interpolated (Month),11908,2,2,1
2023,4,North America,Model 3,6794.0,7068.0,91341.28,75,435,443.31,Interpolated (Month),4847,3,1,1
2015,11,North America,Model 3,14261.0,15902.0,78135.16,100,573,1225.73,Estimated (Region),10530,3,1,0
2015,9,North America,Model 3,5573.0,5629.0,102497.23,120,672,561.76,Official (Quarter),13776,3,1,2
2021,7,Middle East,Cybertruck,15021.0,16617.0,65039.82,82,452,1018.42,Official (Quarter),5413,2,0,2
2025,3,Europe,Cybertruck,18467.0,19834.0,111179.86,82,487,1349.01,Estimated (Region),3131,1,0,0
2017,12,North America,Model X,7720.0,8424.0,69673.48,82,458,530.36,Interpolated (Month),7557,3,3,1
2021,4,North America,Model S,5351.0,5870.0,53133.79,120,663,532.16,Interpolated (Month),8486,3,2,1
2019,9,Europe,Cybertruck,10142.0,10308.0,117608.57,75,419,637.42,Estimated (Region),10776,1,0,0
2019,4,North America,Model 3,8072.0,8717.0,78395.17,100,558,675.63,Official (Quarter),14729,3,1,2
2021,8,Europe,Model S,14448.0,16151.0,82371.98,100,597,1293.82,Estimated (Region),8836,1,2,0
2023,2,Middle East,Model S,14650.0,15685.0,77856.71,60,339,744.95,Official (Quarter),8416,2,2,2
2024,5,Asia,Model Y,12999.0,13611.0,118146.86,100,564,1099.72,Estimated (Region),13671,0,4,0
2015,2,Asia,Cybertruck,13254.0,14878.0,88864.06,75,432,858.86,Estimated (Region),5902,0,0,0
2018,3,Middle East,Model S,11749.0,13122.0,51134.03,120,709,1249.51,Official (Quarter),3481,2,2,2
2025,8,Middle East,Model 3,13723.0,14813.0,109040.83,82,460,946.89,Official (Quarter),8309,2,1,2
2021,2,Middle East,Model Y,9542.0,10420.0,56140.23,82,467,668.42,Estimated (Region),11559,2,4,0
2020,10,Asia,Model S,9818.0,10354.0,94757.05,60,333,490.41,Interpolated (Month),8163,0,2,1
2023,11,Middle East,Cybertruck,6610.0,7068.0,69560.97,82,460,456.09,Estimated (Region),13491,2,0,0
2020,9,North America,Model Y,5968.0,6210.0,107593.22,60,345,308.84,Interpolated (Month),8541,3,4,1
2023,7,North America,Model 3,1351.0,1504.0,92735.92,82,465,94.23,Estimated (Region),5519,3,1,0
2016,1,North America,Model 3,304.0,339.0,52773.32,82,470,21.43,Interpolated (Month),4259,3,1,1
2023,8,North America,Model 3,14715.0,15833.0,117648.65,60,347,765.92,Interpolated (Month),13679,3,1,1
2024,11,North America,Model Y,10821.0,11949.0,71587.62,60,356,577.84,Interpolated (Month),12380,3,4,1
2017,7,North America,Model S,14291.0,14867.0,75791.42,120,713,1528.42,Official (Quarter),10997,3,2,2
2025,2,Middle East,Model S,889.0,1013.0,63698.9,60,352,46.94,Estimated (Region),3282,2,2,0
2020,5,Middle East,Model X,4010.0,4210.0,72152.81,120,706,424.66,Official (Quarter),3624,2,3,2
2024,3,Asia,Cybertruck,12472.0,13069.0,76677.65,120,696,1302.08,Interpolated (Month),10483,0,0,1
2023,8,Europe,Model Y,10695.0,11633.0,69661.83,75,446,715.5,Estimated (Region),6649,1,4,0
2017,9,Europe,Model 3,11041.0,11651.0,80264.24,60,330,546.53,Interpolated (Month),6114,1,1,1
2021,5,Europe,Model Y,8033.0,9028.0,65934.28,60,345,415.71,Official (Quarter),12673,1,4,2
2020,4,Europe,Model X,3764.0,3814.0,110549.65,82,464,261.97,Interpolated (Month),5139,1,3,1
2022,11,Middle East,Cybertruck,8583.0,8668.0,118325.58,100,597,768.61,Official (Quarter),3725,2,0,2
2017,5,North America,Model X,12138.0,13438.0,82320.13,100,596,1085.14,Estimated (Region),11335,3,3,0
2015,10,Europe,Cybertruck,7750.0,8169.0,56410.75,75,446,518.47,Estimated (Region),4641,1,0,0
2022,7,Europe,Model 3,14915.0,16926.0,93662.74,82,451,1009.0,Interpolated (Month),5235,1,1,1
2019,1,Middle East,Model S,9647.0,10103.0,57463.65,82,466,674.33,Estimated (Region),4193,2,2,0
2023,7,Europe,Model X,6115.0,6844.0,94154.58,120,695,637.49,Official (Quarter),7242,1,3,2
2025,8,Middle East,Model Y,8158.0,8270.0,98015.05,75,428,523.74,Official (Quarter),13377,2,4,2
2019,7,North America,Model X,8155.0,8938.0,71991.34,75,448,548.02,Interpolated (Month),3401,3,3,1
2016,12,Asia,Cybertruck,2907.0,3031.0,64225.62,75,441,192.3,Official (Quarter),7638,0,0,2
2018,2,Europe,Model X,10561.0,11898.0,83881.44,75,431,682.77,Interpolated (Month),6701,1,3,1
2024,8,North America,Model S,13280.0,14791.0,70795.64,60,342,681.26,Interpolated (Month),5231,3,2,1
2015,2,North America,Model 3,7992.0,8955.0,63059.9,100,594,712.09,Official (Quarter),9472,3,1,2
2016,11,Middle East,Cybertruck,11120.0,11963.0,117481.22,82,466,777.29,Estimated (Region),3467,2,0,0
2019,12,North America,Cybertruck,6711.0,7115.0,53585.7,82,471,474.13,Estimated (Region),4479,3,0,0
2024,9,North America,Cybertruck,9132.0,9780.0,117802.97,60,353,483.54,Estimated (Region),13778,3,0,0
2018,12,Middle East,Model S,4668.0,5239.0,91811.87,100,569,398.41,Estimated (Region),8681,2,2,0
2020,1,Middle East,Model S,10058.0,10373.0,52759.23,82,481,725.68,Interpolated (Month),12931,2,2,1
2025,2,Asia,Model Y,8064.0,8067.0,57080.57,120,707,855.19,Estimated (Region),14537,0,4,0
2021,4,Middle East,Model S,11233.0,12738.0,87086.63,75,437,736.32,Estimated (Region),12978,2,2,0
2024,12,Asia,Model 3,10495.0,10613.0,52202.0,75,438,689.52,Official (Quarter),8261,0,1,2
2018,3,Europe,Cybertruck,13104.0,13912.0,66837.21,120,700,1375.92,Estimated (Region),12912,1,0,0
2022,1,Europe,Model S,14656.0,14684.0,98666.08,60,342,751.85,Official (Quarter),9786,1,2,2
2015,7,Asia,Model S,3489.0,3549.0,92743.4,75,423,221.38,Interpolated (Month),9974,0,2,1
2023,11,Middle East,Model S,10485.0,11160.0,80890.15,60,331,520.58,Interpolated (Month),7817,2,2,1
2021,3,North America,Model X,10175.0,10870.0,52157.72,75,445,679.18,Interpolated (Month),3156,3,3,1
2016,5,Asia,Model S,7693.0,7715.0,68186.92,120,705,813.53,Official (Quarter),4645,0,2,2
2020,2,Middle East,Model Y,8969.0,9267.0,104632.98,120,672,904.08,Official (Quarter),3960,2,4,2
2016,12,Europe,Model 3,9327.0,9705.0,117649.22,120,693,969.54,Interpolated (Month),7167,1,1,1
2024,1,Europe,Cybertruck,16353.0,17144.0,88184.17,60,334,819.29,Interpolated (Month),8430,1,0,1
2021,10,Middle East,Model Y,13488.0,14333.0,113771.1,120,719,1454.68,Official (Quarter),4273,2,4,2
2019,7,Middle East,Model S,18300.0,18407.0,81889.67,82,487,1336.81,Official (Quarter),9833,2,2,2
2019,9,Asia,Model S,13291.0,14839.0,97139.38,100,580,1156.32,Estimated (Region),13709,0,2,0
2020,5,Asia,Cybertruck,3471.0,3714.0,69990.57,60,358,186.39,Interpolated (Month),6754,0,0,1
2018,8,North America,Model S,2639.0,2929.0,51676.24,82,474,187.63,Estimated (Region),14297,3,2,0
